/*POKEMON*/
/*Gotta Catch Em' All */
/*Create Tables and Insert Data*/

DROP TABLE HM_Moves;
DROP TABLE Towns;
DROP TABLE Type;
DROP TABLE Route;
DROP TABLE Evolution;
DROP TABLE Ability;
DROP TABLE pokeHaveHM;
DROP TABLE Pokemon;
DROP TABLE Region;
DROP TABLE pokeHaveType;

CREATE TABLE Region (
    regionName VARCHAR2(20) PRIMARY KEY NOT NULL ,
    regionDes VARCHAR2(300) NOT NULL
);


CREATE TABLE Pokemon (
    pokeID  VARCHAR2(3) PRIMARY KEY NOT NULL,
    name VARCHAR2(20) NOT NULL,
    hp VARCHAR2(3) NOT NULL,
    attack VARCHAR2(3) NOT NULL,
    defense VARCHAR2(3) NOT NULL,
    sp_atk VARCHAR2(3) NOT NULL,
    sp_df VARCHAR2(3) NOT NULL,
    speed VARCHAR2(3) NOT NULL,
    legendary VARCHAR2(1) NOT NULL,
    regionName VARCHAR2(20) NOT NULL,
    description VARCHAR2(300) NOT NULL,

    CONSTRAINT Pokemon_regionName_fk FOREIGN KEY (regionName) REFERENCES Region (regionName)
);


CREATE TABLE HM_Moves (
    HMID VARCHAR2(4) PRIMARY KEY ,
    moveName VARCHAR2(10) NOT NULL,
    moveType VARCHAR2(10) NOT NULL,
    CONSTRAINT HMmoves_type_fk FOREIGN KEY (moveType) REFERENCES type (typeName)
);

CREATE TABLE Towns (
    townName VARCHAR2(20) PRIMARY KEY NOT NULL,
    regionName VARCHAR2(20) NOT NULL,
    gymBadge VARCHAR2(10),
    CONSTRAINT Towns_regionName_fk FOREIGN KEY (regionName) REFERENCES Region (regionName)
);

CREATE TABLE Type (
    typeName VARCHAR2(10) PRIMARY KEY NOT NULL
);

CREATE TABLE pokeHaveType (
    pokeID VARCHAR2(20),
    typeName VARCHAR2(10),
    CONSTRAINT pokeHaveType_pokeID_fk FOREIGN KEY (pokeID) REFERENCES Pokemon (pokeID),
    CONSTRAINT pokeHaveType_typeName_fk FOREIGN KEY (typeName) REFERENCES Type (typeName),
    CONSTRAINT pokeHaveType_typeName_pokeID_pk PRIMARY KEY (typeName, pokeID)
);

CREATE TABLE Route
(
    regionName VARCHAR2(20) NOT NULL,
    routeName  VARCHAR2(20) NOT NULL,
    CONSTRAINT Route_regionName_fk FOREIGN KEY (regionName) REFERENCES Region (regionName),
    CONSTRAINT Route_regionName_routeName_pk PRIMARY KEY (regionName, routeName)
);

CREATE TABLE Evolution (
    evoName VARCHAR2(20) PRIMARY KEY NOT NULL,
    pokeID VARCHAR2(3) NOT NULL,
    evoLevel VARCHAR2(20),
    CONSTRAINT Evolution_pokeID_fk FOREIGN KEY (pokeID) REFERENCES Pokemon (pokeID)
);

CREATE TABLE Ability (
    pokeID VARCHAR2(3) NOT NULL ,
    abilityName VARCHAR2(20) NOT NULL ,
    hiddenAbilityName VARCHAR2(20),
    CONSTRAINT Ability_pokeID_fk FOREIGN KEY (pokeID) REFERENCES Pokemon (pokeID),
    CONSTRAINT Ability_pokeId_abilityName_pk PRIMARY KEY (pokeID, abilityName)
);

CREATE TABLE pokeHaveHM(
    HMID VARCHAR2(4) NOT NULL,
    pokeID VARCHAR2(3) NOT NULL,
    moveName VARCHAR2(20) NOT NULL,
    CONSTRAINT pokeHaveHM_pokeID_fk FOREIGN KEY (pokeID) REFERENCES Pokemon (pokeID),
    CONSTRAINT pokeHaveHM_HMID_pokeID PRIMARY KEY (HMID, pokeID)
);

INSERT INTO Region VALUES ('Kanto', 'The Kanto region is a region of the Pokémon world. Kanto is located east of Johto, which together form a joint landmass that is south of Sinnoh.');
INSERT INTO Region VALUES ('Johto', 'The Johto region is a region of the Pokémon world. Johto is located west of Kanto, which together form a joint landmass that is south of Sinnoh and Sinjoh Ruins.');

insert into KAMRADJA.POKEMON (POKEID, NAME, HP, ATTACK, DEFENSE, SP_ATK, SP_DF, SPEED, LEGENDARY, REGIONNAME, DESCRIPTION) values ('001', 'Bulbasaur', '45', '49', '49', '65', '65', '45', 'F', 'Kanto', 'Seed Pokemon');
insert into KAMRADJA.POKEMON (POKEID, NAME, HP, ATTACK, DEFENSE, SP_ATK, SP_DF, SPEED, LEGENDARY, REGIONNAME, DESCRIPTION) values ('002', 'Ivysaur', '60', '62', '63', '80', '80', '60', 'F', 'Kanto', 'Seed Pokemon');
insert into KAMRADJA.POKEMON (POKEID, NAME, HP, ATTACK, DEFENSE, SP_ATK, SP_DF, SPEED, LEGENDARY, REGIONNAME, DESCRIPTION) values ('003', 'Venusaur', '80', '82', '83', '100', '100', '80', 'F', 'Kanto', 'Seed Pokemon');
insert into KAMRADJA.POKEMON (POKEID, NAME, HP, ATTACK, DEFENSE, SP_ATK, SP_DF, SPEED, LEGENDARY, REGIONNAME, DESCRIPTION) values ('004', 'Charmander', '39', '52', '43', '60', '50', '65', 'F', 'Kanto', 'Lizard Pokemon');
insert into KAMRADJA.POKEMON (POKEID, NAME, HP, ATTACK, DEFENSE, SP_ATK, SP_DF, SPEED, LEGENDARY, REGIONNAME, DESCRIPTION) values ('005', 'Charmeleon', '58', '64', '58', '80', '65', '80', 'F', 'Kanto', 'Flame Pokemon');
insert into KAMRADJA.POKEMON (POKEID, NAME, HP, ATTACK, DEFENSE, SP_ATK, SP_DF, SPEED, LEGENDARY, REGIONNAME, DESCRIPTION) values ('006', 'Charizard', '78', '84', '78', '109', '85', '100', 'F', 'Kanto', 'Flame Pokemon');
insert into KAMRADJA.POKEMON (POKEID, NAME, HP, ATTACK, DEFENSE, SP_ATK, SP_DF, SPEED, LEGENDARY, REGIONNAME, DESCRIPTION) values ('007', 'Squirtle', '44', '48', '65', '50', '64', '43', 'F', 'Kanto', 'Tiny Turtle Pokemon');
insert into KAMRADJA.POKEMON (POKEID, NAME, HP, ATTACK, DEFENSE, SP_ATK, SP_DF, SPEED, LEGENDARY, REGIONNAME, DESCRIPTION) values ('008', 'Wartortle', '59', '63', '80', '65', '80', '58', 'F', 'Kanto', 'Turtle Pokemon');
insert into KAMRADJA.POKEMON (POKEID, NAME, HP, ATTACK, DEFENSE, SP_ATK, SP_DF, SPEED, LEGENDARY, REGIONNAME, DESCRIPTION) values ('009', 'Blastoise', '79', '83', '100', '85', '105', '78', 'F', 'Kanto', 'Shellfish Pokemon');
insert into KAMRADJA.POKEMON (POKEID, NAME, HP, ATTACK, DEFENSE, SP_ATK, SP_DF, SPEED, LEGENDARY, REGIONNAME, DESCRIPTION) values ('010', 'Caterpie', '45', '30', '35', '20', '20', '45', 'F', 'Kanto', 'Worm Pokemon');
insert into KAMRADJA.POKEMON (POKEID, NAME, HP, ATTACK, DEFENSE, SP_ATK, SP_DF, SPEED, LEGENDARY, REGIONNAME, DESCRIPTION) values ('011', 'Metapod', '50', '20', '55', '25', '25', '30', 'F', 'Kanto', 'Cocoon Pokemon');
insert into KAMRADJA.POKEMON (POKEID, NAME, HP, ATTACK, DEFENSE, SP_ATK, SP_DF, SPEED, LEGENDARY, REGIONNAME, DESCRIPTION) values ('012', 'Butterfree', '60', '45', '50', '90', '80', '70', 'F', 'Kanto', 'Butterfly Pokemon');
insert into KAMRADJA.POKEMON (POKEID, NAME, HP, ATTACK, DEFENSE, SP_ATK, SP_DF, SPEED, LEGENDARY, REGIONNAME, DESCRIPTION) values ('013', 'Weedle', '40', '35', '30', '20', '20', '50', 'F', 'Kanto', 'Hairy Bug Pokemon');
insert into KAMRADJA.POKEMON (POKEID, NAME, HP, ATTACK, DEFENSE, SP_ATK, SP_DF, SPEED, LEGENDARY, REGIONNAME, DESCRIPTION) values ('014', 'Kakuna', '45', '25', '50', '25', '25', '35', 'F', 'Kanto', 'Cocoon Pokemon');
insert into KAMRADJA.POKEMON (POKEID, NAME, HP, ATTACK, DEFENSE, SP_ATK, SP_DF, SPEED, LEGENDARY, REGIONNAME, DESCRIPTION) values ('015', 'Beedrill', '65', '90', '40', '45', '80', '75', 'F', 'Kanto', 'Poison Bee Pokemon');
insert into KAMRADJA.POKEMON (POKEID, NAME, HP, ATTACK, DEFENSE, SP_ATK, SP_DF, SPEED, LEGENDARY, REGIONNAME, DESCRIPTION) values ('016', 'Pidgey', '40', '45', '40', '35', '35', '56', 'F', 'Kanto', 'Tiny Bird Pokemon');
insert into KAMRADJA.POKEMON (POKEID, NAME, HP, ATTACK, DEFENSE, SP_ATK, SP_DF, SPEED, LEGENDARY, REGIONNAME, DESCRIPTION) values ('017', 'Pidgeotto', '63', '60', '55', '50', '50', '71', 'F', 'Kanto', 'Bird Pokemon');
insert into KAMRADJA.POKEMON (POKEID, NAME, HP, ATTACK, DEFENSE, SP_ATK, SP_DF, SPEED, LEGENDARY, REGIONNAME, DESCRIPTION) values ('018', 'Pidgeot', '83', '80', '75', '70', '70', '101', 'F', 'Kanto', 'Bird Pokemon');
insert into KAMRADJA.POKEMON (POKEID, NAME, HP, ATTACK, DEFENSE, SP_ATK, SP_DF, SPEED, LEGENDARY, REGIONNAME, DESCRIPTION) values ('019', 'Rattata', '30', '56', '35', '25', '35', '72', 'F', 'Kanto', 'Mouse Pokemon');
insert into KAMRADJA.POKEMON (POKEID, NAME, HP, ATTACK, DEFENSE, SP_ATK, SP_DF, SPEED, LEGENDARY, REGIONNAME, DESCRIPTION) values ('020', 'Raticate', '55', '81', '60', '50', '70', '97', 'F', 'Kanto', 'Mushroom Pokemon');
insert into KAMRADJA.POKEMON (POKEID, NAME, HP, ATTACK, DEFENSE, SP_ATK, SP_DF, SPEED, LEGENDARY, REGIONNAME, DESCRIPTION) values ('021', 'Spearow', '40', '60', '30', '31', '31', '70', 'F', 'Kanto', 'Tiny Bird Pokemon');
insert into KAMRADJA.POKEMON (POKEID, NAME, HP, ATTACK, DEFENSE, SP_ATK, SP_DF, SPEED, LEGENDARY, REGIONNAME, DESCRIPTION) values ('022', 'Fearow', '65', '90', '65', '61', '61', '100', 'F', 'Kanto', 'Beak Pokemon');
insert into KAMRADJA.POKEMON (POKEID, NAME, HP, ATTACK, DEFENSE, SP_ATK, SP_DF, SPEED, LEGENDARY, REGIONNAME, DESCRIPTION) values ('023', 'Ekans', '35', '60', '44', '40', '54', '55', 'F', 'Kanto', 'Snake Pokemon');
insert into KAMRADJA.POKEMON (POKEID, NAME, HP, ATTACK, DEFENSE, SP_ATK, SP_DF, SPEED, LEGENDARY, REGIONNAME, DESCRIPTION) values ('024', 'Arbok', '60', '85', '69', '65', '79', '80', 'F', 'Kanto', 'Cobra Pokemon');
insert into KAMRADJA.POKEMON (POKEID, NAME, HP, ATTACK, DEFENSE, SP_ATK, SP_DF, SPEED, LEGENDARY, REGIONNAME, DESCRIPTION) values ('025', 'Pikachu', '35', '55', '40', '50', '50', '90', 'F', 'Kanto', 'Mouse Pokemon');
insert into KAMRADJA.POKEMON (POKEID, NAME, HP, ATTACK, DEFENSE, SP_ATK, SP_DF, SPEED, LEGENDARY, REGIONNAME, DESCRIPTION) values ('026', 'Raichu', '60', '90', '55', '90', '80', '110', 'F', 'Kanto', 'Mouse Pokemon');
insert into KAMRADJA.POKEMON (POKEID, NAME, HP, ATTACK, DEFENSE, SP_ATK, SP_DF, SPEED, LEGENDARY, REGIONNAME, DESCRIPTION) values ('027', 'Sandshrew', '50', '75', '85', '20', '30', '40', 'F', 'Kanto', 'Mouse Pokemon');
insert into KAMRADJA.POKEMON (POKEID, NAME, HP, ATTACK, DEFENSE, SP_ATK, SP_DF, SPEED, LEGENDARY, REGIONNAME, DESCRIPTION) values ('028', 'Sandslash', '75', '100', '110', '45', '55', '65', 'F', 'Kanto', 'Mouse Pokemon');
insert into KAMRADJA.POKEMON (POKEID, NAME, HP, ATTACK, DEFENSE, SP_ATK, SP_DF, SPEED, LEGENDARY, REGIONNAME, DESCRIPTION) values ('029', 'Nidoran♀', '55', '47', '52', '40', '40', '41', 'F', 'Kanto', 'Poison Pin Pokemon');
insert into KAMRADJA.POKEMON (POKEID, NAME, HP, ATTACK, DEFENSE, SP_ATK, SP_DF, SPEED, LEGENDARY, REGIONNAME, DESCRIPTION) values ('030', 'Nidorina', '70', '62', '67', '55', '55', '56', 'F', 'Kanto', 'Poison Pin Pokemon');
insert into KAMRADJA.POKEMON (POKEID, NAME, HP, ATTACK, DEFENSE, SP_ATK, SP_DF, SPEED, LEGENDARY, REGIONNAME, DESCRIPTION) values ('031', 'Nidoqueen', '90', '92', '87', '75', '85', '76', 'F', 'Kanto', 'Drill Pokemon');
insert into KAMRADJA.POKEMON (POKEID, NAME, HP, ATTACK, DEFENSE, SP_ATK, SP_DF, SPEED, LEGENDARY, REGIONNAME, DESCRIPTION) values ('032', 'Nidoran♂', '46', '57', '40', '40', '40', '50', 'F', 'Kanto', 'Poison Pin Pokemon');
insert into KAMRADJA.POKEMON (POKEID, NAME, HP, ATTACK, DEFENSE, SP_ATK, SP_DF, SPEED, LEGENDARY, REGIONNAME, DESCRIPTION) values ('033', 'Nidorino', '61', '72', '57', '55', '55', '65', 'F', 'Kanto', 'Poison Pin Pokemon');
insert into KAMRADJA.POKEMON (POKEID, NAME, HP, ATTACK, DEFENSE, SP_ATK, SP_DF, SPEED, LEGENDARY, REGIONNAME, DESCRIPTION) values ('034', 'Nidoking', '81', '102', '77', '85', '75', '85', 'F', 'Kanto', 'Drill Pokemon');
insert into KAMRADJA.POKEMON (POKEID, NAME, HP, ATTACK, DEFENSE, SP_ATK, SP_DF, SPEED, LEGENDARY, REGIONNAME, DESCRIPTION) values ('035', 'Clefairy', '70', '45', '48', '60', '65', '35', 'F', 'Kanto', 'Fairy Pokemon');
insert into KAMRADJA.POKEMON (POKEID, NAME, HP, ATTACK, DEFENSE, SP_ATK, SP_DF, SPEED, LEGENDARY, REGIONNAME, DESCRIPTION) values ('036', 'Clefable', '95', '70', '73', '95', '90', '60', 'F', 'Kanto', 'Fairy Pokemon');
insert into KAMRADJA.POKEMON (POKEID, NAME, HP, ATTACK, DEFENSE, SP_ATK, SP_DF, SPEED, LEGENDARY, REGIONNAME, DESCRIPTION) values ('037', 'Vulpix', '38', '41', '40', '50', '65', '65', 'F', 'Kanto', 'Fox Pokemon');
insert into KAMRADJA.POKEMON (POKEID, NAME, HP, ATTACK, DEFENSE, SP_ATK, SP_DF, SPEED, LEGENDARY, REGIONNAME, DESCRIPTION) values ('038', 'Ninetales', '73', '76', '75', '81', '100', '100', 'F', 'Kanto', 'Fox Pokemon');
insert into KAMRADJA.POKEMON (POKEID, NAME, HP, ATTACK, DEFENSE, SP_ATK, SP_DF, SPEED, LEGENDARY, REGIONNAME, DESCRIPTION) values ('039', 'Jigglypuff', '115', '45', '20', '45', '25', '20', 'F', 'Kanto', 'Balloon Pokemon');
insert into KAMRADJA.POKEMON (POKEID, NAME, HP, ATTACK, DEFENSE, SP_ATK, SP_DF, SPEED, LEGENDARY, REGIONNAME, DESCRIPTION) values ('040', 'Wigglytuff', '140', '70', '45', '85', '50', '45', 'F', 'Kanto', 'Balloon Pokemon');
insert into KAMRADJA.POKEMON (POKEID, NAME, HP, ATTACK, DEFENSE, SP_ATK, SP_DF, SPEED, LEGENDARY, REGIONNAME, DESCRIPTION) values ('041', 'Zubat', '40', '45', '35', '30', '40', '55', 'F', 'Kanto', 'Bat Pokemon');
insert into KAMRADJA.POKEMON (POKEID, NAME, HP, ATTACK, DEFENSE, SP_ATK, SP_DF, SPEED, LEGENDARY, REGIONNAME, DESCRIPTION) values ('042', 'Golbat', '75', '80', '70', '65', '75', '90', 'F', 'Kanto', 'Bat Pokemon');
insert into KAMRADJA.POKEMON (POKEID, NAME, HP, ATTACK, DEFENSE, SP_ATK, SP_DF, SPEED, LEGENDARY, REGIONNAME, DESCRIPTION) values ('043', 'Oddish', '45', '50', '55', '75', '65', '30', 'F', 'Kanto', 'Weed Pokemon');
insert into KAMRADJA.POKEMON (POKEID, NAME, HP, ATTACK, DEFENSE, SP_ATK, SP_DF, SPEED, LEGENDARY, REGIONNAME, DESCRIPTION) values ('044', 'Gloom', '60', '65', '70', '85', '75', '40', 'F', 'Kanto', 'Weed Pokemon');
insert into KAMRADJA.POKEMON (POKEID, NAME, HP, ATTACK, DEFENSE, SP_ATK, SP_DF, SPEED, LEGENDARY, REGIONNAME, DESCRIPTION) values ('045', 'Vileplume', '75', '80', '85', '110', '90', '50', 'F', 'Kanto', 'Flower Pokemon');
insert into KAMRADJA.POKEMON (POKEID, NAME, HP, ATTACK, DEFENSE, SP_ATK, SP_DF, SPEED, LEGENDARY, REGIONNAME, DESCRIPTION) values ('046', 'Paras', '35', '70', '55', '45', '55', '25', 'F', 'Kanto', 'Mushroom Pokemon');
insert into KAMRADJA.POKEMON (POKEID, NAME, HP, ATTACK, DEFENSE, SP_ATK, SP_DF, SPEED, LEGENDARY, REGIONNAME, DESCRIPTION) values ('047', 'Parasect', '60', '95', '80', '60', '80', '30', 'F', 'Kanto', 'Mushroom Pokemon');
insert into KAMRADJA.POKEMON (POKEID, NAME, HP, ATTACK, DEFENSE, SP_ATK, SP_DF, SPEED, LEGENDARY, REGIONNAME, DESCRIPTION) values ('048', 'Venonat', '60', '55', '50', '40', '55', '45', 'F', 'Kanto', 'Insect Pokemon');
insert into KAMRADJA.POKEMON (POKEID, NAME, HP, ATTACK, DEFENSE, SP_ATK, SP_DF, SPEED, LEGENDARY, REGIONNAME, DESCRIPTION) values ('049', 'Venomoth', '70', '65', '60', '90', '75', '90', 'F', 'Kanto', 'Poison Moth Pokemon');
insert into KAMRADJA.POKEMON (POKEID, NAME, HP, ATTACK, DEFENSE, SP_ATK, SP_DF, SPEED, LEGENDARY, REGIONNAME, DESCRIPTION) values ('050', 'Diglett', '10', '55', '25', '35', '45', '95', 'F', 'Kanto', 'Mole Pokemon');
insert into KAMRADJA.POKEMON (POKEID, NAME, HP, ATTACK, DEFENSE, SP_ATK, SP_DF, SPEED, LEGENDARY, REGIONNAME, DESCRIPTION) values ('051', 'Dugtrio', '35', '80', '50', '50', '70', '120', 'F', 'Kanto', 'Mole Pokemon');
insert into KAMRADJA.POKEMON (POKEID, NAME, HP, ATTACK, DEFENSE, SP_ATK, SP_DF, SPEED, LEGENDARY, REGIONNAME, DESCRIPTION) values ('052', 'Meowth', '40', '45', '35', '40', '40', '90', 'F', 'Kanto', 'Scratch Cat Pokemon');
insert into KAMRADJA.POKEMON (POKEID, NAME, HP, ATTACK, DEFENSE, SP_ATK, SP_DF, SPEED, LEGENDARY, REGIONNAME, DESCRIPTION) values ('053', 'Persian', '65', '70', '60', '65', '65', '115', 'F', 'Kanto', 'Classy Cat Pokemon');
insert into KAMRADJA.POKEMON (POKEID, NAME, HP, ATTACK, DEFENSE, SP_ATK, SP_DF, SPEED, LEGENDARY, REGIONNAME, DESCRIPTION) values ('054', 'Psyduck', '50', '52', '48', '65', '50', '55', 'F', 'Kanto', 'Duck Pokemon');
insert into KAMRADJA.POKEMON (POKEID, NAME, HP, ATTACK, DEFENSE, SP_ATK, SP_DF, SPEED, LEGENDARY, REGIONNAME, DESCRIPTION) values ('055', 'Golduck', '80', '82', '78', '95', '80', '85', 'F', 'Kanto', 'Duck Pokemon');
insert into KAMRADJA.POKEMON (POKEID, NAME, HP, ATTACK, DEFENSE, SP_ATK, SP_DF, SPEED, LEGENDARY, REGIONNAME, DESCRIPTION) values ('056', 'Mankey', '40', '80', '35', '35', '45', '70', 'F', 'Kanto', 'Pig Monkey Pokemon');
insert into KAMRADJA.POKEMON (POKEID, NAME, HP, ATTACK, DEFENSE, SP_ATK, SP_DF, SPEED, LEGENDARY, REGIONNAME, DESCRIPTION) values ('057', 'Primeape', '65', '105', '60', '60', '70', '95', 'F', 'Kanto', 'Pig Monkey Pokemon');
insert into KAMRADJA.POKEMON (POKEID, NAME, HP, ATTACK, DEFENSE, SP_ATK, SP_DF, SPEED, LEGENDARY, REGIONNAME, DESCRIPTION) values ('058', 'Growlithe', '55', '70', '45', '70', '50', '60', 'F', 'Kanto', 'Puppy Pokemon');
insert into KAMRADJA.POKEMON (POKEID, NAME, HP, ATTACK, DEFENSE, SP_ATK, SP_DF, SPEED, LEGENDARY, REGIONNAME, DESCRIPTION) values ('059', 'Arcanine', '90', '110', '80', '100', '80', '95', 'F', 'Kanto', 'Legendary Pokemon');
insert into KAMRADJA.POKEMON (POKEID, NAME, HP, ATTACK, DEFENSE, SP_ATK, SP_DF, SPEED, LEGENDARY, REGIONNAME, DESCRIPTION) values ('060', 'Poliwag', '40', '50', '40', '40', '40', '90', 'F', 'Kanto', 'Tadpole Pokemon');
insert into KAMRADJA.POKEMON (POKEID, NAME, HP, ATTACK, DEFENSE, SP_ATK, SP_DF, SPEED, LEGENDARY, REGIONNAME, DESCRIPTION) values ('061', 'Poliwhirl', '65', '65', '65', '50', '50', '90', 'F', 'Kanto', 'Tadpole Pokemon');
insert into KAMRADJA.POKEMON (POKEID, NAME, HP, ATTACK, DEFENSE, SP_ATK, SP_DF, SPEED, LEGENDARY, REGIONNAME, DESCRIPTION) values ('062', 'Poliwrath', '90', '95', '95', '70', '90', '70', 'F', 'Kanto', 'Tadpole Pokemon');
insert into KAMRADJA.POKEMON (POKEID, NAME, HP, ATTACK, DEFENSE, SP_ATK, SP_DF, SPEED, LEGENDARY, REGIONNAME, DESCRIPTION) values ('063', 'Abra', '25', '20', '15', '105', '55', '90', 'F', 'Kanto', 'Psi Pokemon');
insert into KAMRADJA.POKEMON (POKEID, NAME, HP, ATTACK, DEFENSE, SP_ATK, SP_DF, SPEED, LEGENDARY, REGIONNAME, DESCRIPTION) values ('064', 'Kadabra', '40', '35', '30', '120', '70', '105', 'F', 'Kanto', 'Psi Pokemon');
insert into KAMRADJA.POKEMON (POKEID, NAME, HP, ATTACK, DEFENSE, SP_ATK, SP_DF, SPEED, LEGENDARY, REGIONNAME, DESCRIPTION) values ('065', 'Alakazam', '55', '50', '45', '135', '95', '120', 'F', 'Kanto', 'Psi Pokemon');
insert into KAMRADJA.POKEMON (POKEID, NAME, HP, ATTACK, DEFENSE, SP_ATK, SP_DF, SPEED, LEGENDARY, REGIONNAME, DESCRIPTION) values ('066', 'Machop', '70', '80', '50', '35', '35', '35', 'F', 'Kanto', 'Superpower Pokemon');
insert into KAMRADJA.POKEMON (POKEID, NAME, HP, ATTACK, DEFENSE, SP_ATK, SP_DF, SPEED, LEGENDARY, REGIONNAME, DESCRIPTION) values ('067', 'Machoke', '80', '100', '70', '50', '60', '45', 'F', 'Kanto', 'Superpower Pokemon');
insert into KAMRADJA.POKEMON (POKEID, NAME, HP, ATTACK, DEFENSE, SP_ATK, SP_DF, SPEED, LEGENDARY, REGIONNAME, DESCRIPTION) values ('068', 'Machamp', '90', '130', '80', '65', '85', '55', 'F', 'Kanto', 'Superpower Pokemon');
insert into KAMRADJA.POKEMON (POKEID, NAME, HP, ATTACK, DEFENSE, SP_ATK, SP_DF, SPEED, LEGENDARY, REGIONNAME, DESCRIPTION) values ('069', 'Bellsprout', '50', '75', '35', '70', '30', '40', 'F', 'Kanto', 'Flower Pokemon');
insert into KAMRADJA.POKEMON (POKEID, NAME, HP, ATTACK, DEFENSE, SP_ATK, SP_DF, SPEED, LEGENDARY, REGIONNAME, DESCRIPTION) values ('070', 'Weepinbell', '65', '90', '50', '85', '45', '55', 'F', 'Kanto', 'Flycatcher Pokemon');
insert into KAMRADJA.POKEMON (POKEID, NAME, HP, ATTACK, DEFENSE, SP_ATK, SP_DF, SPEED, LEGENDARY, REGIONNAME, DESCRIPTION) values ('071', 'Victreebel', '80', '105', '65', '100', '70', '70', 'F', 'Kanto', 'Flycatcher Pokemon');
insert into KAMRADJA.POKEMON (POKEID, NAME, HP, ATTACK, DEFENSE, SP_ATK, SP_DF, SPEED, LEGENDARY, REGIONNAME, DESCRIPTION) values ('072', 'Tentacool', '40', '40', '35', '50', '100', '70', 'F', 'Kanto', 'Jellyfish Pokemon');
insert into KAMRADJA.POKEMON (POKEID, NAME, HP, ATTACK, DEFENSE, SP_ATK, SP_DF, SPEED, LEGENDARY, REGIONNAME, DESCRIPTION) values ('073', 'Tentacruel', '80', '70', '65', '80', '120', '100', 'F', 'Kanto', 'Jellyfish Pokemon');
insert into KAMRADJA.POKEMON (POKEID, NAME, HP, ATTACK, DEFENSE, SP_ATK, SP_DF, SPEED, LEGENDARY, REGIONNAME, DESCRIPTION) values ('074', 'Geodude', '40', '80', '100', '30', '30', '20', 'F', 'Kanto', 'Rock Pokemon');
insert into KAMRADJA.POKEMON (POKEID, NAME, HP, ATTACK, DEFENSE, SP_ATK, SP_DF, SPEED, LEGENDARY, REGIONNAME, DESCRIPTION) values ('075', 'Graveler', '55', '95', '115', '45', '45', '35', 'F', 'Kanto', 'Rock Pokemon');
insert into KAMRADJA.POKEMON (POKEID, NAME, HP, ATTACK, DEFENSE, SP_ATK, SP_DF, SPEED, LEGENDARY, REGIONNAME, DESCRIPTION) values ('076', 'Golem', '80', '120', '130', '55', '65', '45', 'F', 'Kanto', 'Megaton Pokemon');
insert into KAMRADJA.POKEMON (POKEID, NAME, HP, ATTACK, DEFENSE, SP_ATK, SP_DF, SPEED, LEGENDARY, REGIONNAME, DESCRIPTION) values ('077', 'Ponyta', '50', '85', '55', '65', '65', '90', 'F', 'Kanto', 'Fire Horse Pokemon');
insert into KAMRADJA.POKEMON (POKEID, NAME, HP, ATTACK, DEFENSE, SP_ATK, SP_DF, SPEED, LEGENDARY, REGIONNAME, DESCRIPTION) values ('078', 'Rapidash', '65', '100', '70', '80', '80', '105', 'F', 'Kanto', 'Fire Horse Pokemon');
insert into KAMRADJA.POKEMON (POKEID, NAME, HP, ATTACK, DEFENSE, SP_ATK, SP_DF, SPEED, LEGENDARY, REGIONNAME, DESCRIPTION) values ('079', 'Slowpoke', '90', '65', '65', '40', '40', '15', 'F', 'Kanto', 'Dopey Pokemon');
insert into KAMRADJA.POKEMON (POKEID, NAME, HP, ATTACK, DEFENSE, SP_ATK, SP_DF, SPEED, LEGENDARY, REGIONNAME, DESCRIPTION) values ('080', 'Slowbro', '95', '75', '110', '100', '80', '30', 'F', 'Kanto', 'Hermit Crab Pokemon');
insert into KAMRADJA.POKEMON (POKEID, NAME, HP, ATTACK, DEFENSE, SP_ATK, SP_DF, SPEED, LEGENDARY, REGIONNAME, DESCRIPTION) values ('081', 'Magnemite', '25', '35', '70', '95', '55', '45', 'F', 'Kanto', 'Magnet Pokemon');
insert into KAMRADJA.POKEMON (POKEID, NAME, HP, ATTACK, DEFENSE, SP_ATK, SP_DF, SPEED, LEGENDARY, REGIONNAME, DESCRIPTION) values ('082', 'Magneton', '50', '60', '95', '120', '70', '70', 'F', 'Kanto', 'Magnet Pokemon');
insert into KAMRADJA.POKEMON (POKEID, NAME, HP, ATTACK, DEFENSE, SP_ATK, SP_DF, SPEED, LEGENDARY, REGIONNAME, DESCRIPTION) values ('083', 'Farfetch''d', '52', '65', '55', '58', '62', '60', 'F', 'Kanto', 'Wild Duck Pokemon');
insert into KAMRADJA.POKEMON (POKEID, NAME, HP, ATTACK, DEFENSE, SP_ATK, SP_DF, SPEED, LEGENDARY, REGIONNAME, DESCRIPTION) values ('084', 'Doduo', '35', '85', '45', '35', '35', '75', 'F', 'Kanto', 'Twin Bird Pokemon');
insert into KAMRADJA.POKEMON (POKEID, NAME, HP, ATTACK, DEFENSE, SP_ATK, SP_DF, SPEED, LEGENDARY, REGIONNAME, DESCRIPTION) values ('085', 'Dodrio', '60', '110', '70', '60', '60', '100', 'F', 'Kanto', 'Triple Bird Pokemon');
insert into KAMRADJA.POKEMON (POKEID, NAME, HP, ATTACK, DEFENSE, SP_ATK, SP_DF, SPEED, LEGENDARY, REGIONNAME, DESCRIPTION) values ('086', 'Seel', '65', '45', '55', '45', '70', '45', 'F', 'Kanto', 'Sea Lion Pokemon');
insert into KAMRADJA.POKEMON (POKEID, NAME, HP, ATTACK, DEFENSE, SP_ATK, SP_DF, SPEED, LEGENDARY, REGIONNAME, DESCRIPTION) values ('087', 'Dewgong', '90', '70', '80', '70', '95', '70', 'F', 'Kanto', 'Sea Lion Pokemon');
insert into KAMRADJA.POKEMON (POKEID, NAME, HP, ATTACK, DEFENSE, SP_ATK, SP_DF, SPEED, LEGENDARY, REGIONNAME, DESCRIPTION) values ('088', 'Grimer', '80', '80', '50', '40', '50', '25', 'F', 'Kanto', 'Sludge Pokemon');
insert into KAMRADJA.POKEMON (POKEID, NAME, HP, ATTACK, DEFENSE, SP_ATK, SP_DF, SPEED, LEGENDARY, REGIONNAME, DESCRIPTION) values ('089', 'Muk', '105', '105', '75', '65', '100', '50', 'F', 'Kanto', 'Sludge Pokemon');
insert into KAMRADJA.POKEMON (POKEID, NAME, HP, ATTACK, DEFENSE, SP_ATK, SP_DF, SPEED, LEGENDARY, REGIONNAME, DESCRIPTION) values ('090', 'Shellder', '30', '65', '100', '45', '25', '40', 'F', 'Kanto', 'Bivalve Pokemon');
insert into KAMRADJA.POKEMON (POKEID, NAME, HP, ATTACK, DEFENSE, SP_ATK, SP_DF, SPEED, LEGENDARY, REGIONNAME, DESCRIPTION) values ('091', 'Cloyster', '50', '95', '180', '85', '45', '70', 'F', 'Kanto', 'Bivalve Pokemon');
insert into KAMRADJA.POKEMON (POKEID, NAME, HP, ATTACK, DEFENSE, SP_ATK, SP_DF, SPEED, LEGENDARY, REGIONNAME, DESCRIPTION) values ('092', 'Gastly', '30', '35', '30', '100', '35', '80', 'F', 'Kanto', 'Gas Pokemon');
insert into KAMRADJA.POKEMON (POKEID, NAME, HP, ATTACK, DEFENSE, SP_ATK, SP_DF, SPEED, LEGENDARY, REGIONNAME, DESCRIPTION) values ('093', 'Haunter', '45', '50', '45', '115', '55', '95', 'F', 'Kanto', 'Gas Pokemon');
insert into KAMRADJA.POKEMON (POKEID, NAME, HP, ATTACK, DEFENSE, SP_ATK, SP_DF, SPEED, LEGENDARY, REGIONNAME, DESCRIPTION) values ('094', 'Gengar', '60', '65', '60', '130', '75', '110', 'F', 'Kanto', 'Shadow Pokemon');
insert into KAMRADJA.POKEMON (POKEID, NAME, HP, ATTACK, DEFENSE, SP_ATK, SP_DF, SPEED, LEGENDARY, REGIONNAME, DESCRIPTION) values ('095', 'Onix', '35', '45', '160', '30', '45', '70', 'F', 'Kanto', 'Rock Snake Pokemon');
insert into KAMRADJA.POKEMON (POKEID, NAME, HP, ATTACK, DEFENSE, SP_ATK, SP_DF, SPEED, LEGENDARY, REGIONNAME, DESCRIPTION) values ('096', 'Drowzee', '60', '48', '45', '43', '90', '42', 'F', 'Kanto', 'Hypnosis Pokemon');
insert into KAMRADJA.POKEMON (POKEID, NAME, HP, ATTACK, DEFENSE, SP_ATK, SP_DF, SPEED, LEGENDARY, REGIONNAME, DESCRIPTION) values ('097', 'Hypno', '85', '73', '70', '73', '115', '67', 'F', 'Kanto', 'Hypnosis Pokemon');
insert into KAMRADJA.POKEMON (POKEID, NAME, HP, ATTACK, DEFENSE, SP_ATK, SP_DF, SPEED, LEGENDARY, REGIONNAME, DESCRIPTION) values ('098', 'Krabby', '30', '105', '90', '25', '25', '50', 'F', 'Kanto', 'River Crab Pokemon');
insert into KAMRADJA.POKEMON (POKEID, NAME, HP, ATTACK, DEFENSE, SP_ATK, SP_DF, SPEED, LEGENDARY, REGIONNAME, DESCRIPTION) values ('099', 'Kingler', '55', '130', '115', '50', '50', '75', 'F', 'Kanto', 'Pincer Pokemon');
insert into KAMRADJA.POKEMON (POKEID, NAME, HP, ATTACK, DEFENSE, SP_ATK, SP_DF, SPEED, LEGENDARY, REGIONNAME, DESCRIPTION) values ('100', 'Voltorb', '40', '30', '50', '55', '55', '100', 'F', 'Kanto', 'Ball Pokemon');
insert into KAMRADJA.POKEMON (POKEID, NAME, HP, ATTACK, DEFENSE, SP_ATK, SP_DF, SPEED, LEGENDARY, REGIONNAME, DESCRIPTION) values ('101', 'Electrode', '60', '50', '70', '80', '80', '140', 'F', 'Kanto', 'Ball Pokemon');
insert into KAMRADJA.POKEMON (POKEID, NAME, HP, ATTACK, DEFENSE, SP_ATK, SP_DF, SPEED, LEGENDARY, REGIONNAME, DESCRIPTION) values ('102', 'Exeggcute', '60', '40', '80', '60', '45', '40', 'F', 'Kanto', 'Egg Pokemon');
insert into KAMRADJA.POKEMON (POKEID, NAME, HP, ATTACK, DEFENSE, SP_ATK, SP_DF, SPEED, LEGENDARY, REGIONNAME, DESCRIPTION) values ('103', 'Exeggutor', '95', '95', '85', '125', '65', '55', 'F', 'Kanto', 'Coconut Pokemon');
insert into KAMRADJA.POKEMON (POKEID, NAME, HP, ATTACK, DEFENSE, SP_ATK, SP_DF, SPEED, LEGENDARY, REGIONNAME, DESCRIPTION) values ('104', 'Cubone', '50', '50', '95', '40', '50', '35', 'F', 'Kanto', 'Lonely Pokemon');
insert into KAMRADJA.POKEMON (POKEID, NAME, HP, ATTACK, DEFENSE, SP_ATK, SP_DF, SPEED, LEGENDARY, REGIONNAME, DESCRIPTION) values ('105', 'Marowak', '60', '80', '110', '50', '80', '45', 'F', 'Kanto', 'Bone Keeper Pokemon');
insert into KAMRADJA.POKEMON (POKEID, NAME, HP, ATTACK, DEFENSE, SP_ATK, SP_DF, SPEED, LEGENDARY, REGIONNAME, DESCRIPTION) values ('106', 'Hitmonlee', '50', '120', '53', '35', '110', '87', 'F', 'Kanto', 'Kicking Pokemon');
insert into KAMRADJA.POKEMON (POKEID, NAME, HP, ATTACK, DEFENSE, SP_ATK, SP_DF, SPEED, LEGENDARY, REGIONNAME, DESCRIPTION) values ('107', 'Hitmonchan', '50', '105', '79', '35', '110', '76', 'F', 'Kanto', 'Punching Pokemon');
insert into KAMRADJA.POKEMON (POKEID, NAME, HP, ATTACK, DEFENSE, SP_ATK, SP_DF, SPEED, LEGENDARY, REGIONNAME, DESCRIPTION) values ('108', 'Lickitung', '90', '55', '75', '60', '75', '30', 'F', 'Kanto', 'Licking Pokemon');
insert into KAMRADJA.POKEMON (POKEID, NAME, HP, ATTACK, DEFENSE, SP_ATK, SP_DF, SPEED, LEGENDARY, REGIONNAME, DESCRIPTION) values ('109', 'Koffing', '40', '65', '95', '60', '45', '35', 'F', 'Kanto', 'Poison Gas Pokemon');
insert into KAMRADJA.POKEMON (POKEID, NAME, HP, ATTACK, DEFENSE, SP_ATK, SP_DF, SPEED, LEGENDARY, REGIONNAME, DESCRIPTION) values ('110', 'Weezing', '65', '90', '120', '85', '70', '60', 'F', 'Kanto', 'Poison Gas Pokemon');
insert into KAMRADJA.POKEMON (POKEID, NAME, HP, ATTACK, DEFENSE, SP_ATK, SP_DF, SPEED, LEGENDARY, REGIONNAME, DESCRIPTION) values ('111', 'Rhyhorn', '80', '85', '95', '30', '30', '25', 'F', 'Kanto', 'Spikes Pokemon');
insert into KAMRADJA.POKEMON (POKEID, NAME, HP, ATTACK, DEFENSE, SP_ATK, SP_DF, SPEED, LEGENDARY, REGIONNAME, DESCRIPTION) values ('112', 'Rhydon', '105', '130', '120', '45', '45', '40', 'F', 'Kanto', 'Drill Pokemon');
insert into KAMRADJA.POKEMON (POKEID, NAME, HP, ATTACK, DEFENSE, SP_ATK, SP_DF, SPEED, LEGENDARY, REGIONNAME, DESCRIPTION) values ('113', 'Chansey', '250', '5', '5', '35', '105', '50', 'F', 'Kanto', 'Egg Pokemon');
insert into KAMRADJA.POKEMON (POKEID, NAME, HP, ATTACK, DEFENSE, SP_ATK, SP_DF, SPEED, LEGENDARY, REGIONNAME, DESCRIPTION) values ('114', 'Tangela', '65', '55', '115', '100', '40', '60', 'F', 'Kanto', 'Vine Pokemon');
insert into KAMRADJA.POKEMON (POKEID, NAME, HP, ATTACK, DEFENSE, SP_ATK, SP_DF, SPEED, LEGENDARY, REGIONNAME, DESCRIPTION) values ('115', 'Kangaskhan', '105', '95', '80', '40', '80', '90', 'F', 'Kanto', 'Parent Pokemon');
insert into KAMRADJA.POKEMON (POKEID, NAME, HP, ATTACK, DEFENSE, SP_ATK, SP_DF, SPEED, LEGENDARY, REGIONNAME, DESCRIPTION) values ('116', 'Horsea', '30', '40', '70', '70', '25', '60', 'F', 'Kanto', 'Dragon Pokemon');
insert into KAMRADJA.POKEMON (POKEID, NAME, HP, ATTACK, DEFENSE, SP_ATK, SP_DF, SPEED, LEGENDARY, REGIONNAME, DESCRIPTION) values ('117', 'Seadra', '55', '65', '95', '95', '45', '85', 'F', 'Kanto', 'Dragon Pokemon');
insert into KAMRADJA.POKEMON (POKEID, NAME, HP, ATTACK, DEFENSE, SP_ATK, SP_DF, SPEED, LEGENDARY, REGIONNAME, DESCRIPTION) values ('118', 'Goldeen', '45', '67', '60', '35', '50', '63', 'F', 'Kanto', 'Goldfish Pokemon');
insert into KAMRADJA.POKEMON (POKEID, NAME, HP, ATTACK, DEFENSE, SP_ATK, SP_DF, SPEED, LEGENDARY, REGIONNAME, DESCRIPTION) values ('119', 'Seaking', '80', '92', '65', '65', '80', '68', 'F', 'Kanto', 'Goldfish Pokemon');
insert into KAMRADJA.POKEMON (POKEID, NAME, HP, ATTACK, DEFENSE, SP_ATK, SP_DF, SPEED, LEGENDARY, REGIONNAME, DESCRIPTION) values ('120', 'Staryu', '30', '45', '55', '70', '55', '85', 'F', 'Kanto', 'Star Shape Pokemon');
insert into KAMRADJA.POKEMON (POKEID, NAME, HP, ATTACK, DEFENSE, SP_ATK, SP_DF, SPEED, LEGENDARY, REGIONNAME, DESCRIPTION) values ('121', 'Starmie', '60', '75', '85', '100', '85', '115', 'F', 'Kanto', 'Mysterious Pokemon');
insert into KAMRADJA.POKEMON (POKEID, NAME, HP, ATTACK, DEFENSE, SP_ATK, SP_DF, SPEED, LEGENDARY, REGIONNAME, DESCRIPTION) values ('122', 'Mr. Mime', '40', '45', '65', '100', '120', '90', 'F', 'Kanto', 'Barrier Pokemon');
insert into KAMRADJA.POKEMON (POKEID, NAME, HP, ATTACK, DEFENSE, SP_ATK, SP_DF, SPEED, LEGENDARY, REGIONNAME, DESCRIPTION) values ('123', 'Scyther', '70', '110', '80', '55', '80', '105', 'F', 'Kanto', 'Mantis Pokemon');
insert into KAMRADJA.POKEMON (POKEID, NAME, HP, ATTACK, DEFENSE, SP_ATK, SP_DF, SPEED, LEGENDARY, REGIONNAME, DESCRIPTION) values ('124', 'Jynx', '65', '50', '35', '115', '95', '95', 'F', 'Kanto', 'Human Shape Pokemon');
insert into KAMRADJA.POKEMON (POKEID, NAME, HP, ATTACK, DEFENSE, SP_ATK, SP_DF, SPEED, LEGENDARY, REGIONNAME, DESCRIPTION) values ('125', 'Electabuzz', '65', '83', '57', '95', '85', '105', 'F', 'Kanto', 'Electric Pokemon');
insert into KAMRADJA.POKEMON (POKEID, NAME, HP, ATTACK, DEFENSE, SP_ATK, SP_DF, SPEED, LEGENDARY, REGIONNAME, DESCRIPTION) values ('126', 'Magmar', '65', '95', '57', '100', '85', '93', 'F', 'Kanto', 'Spitfire Pokemon');
insert into KAMRADJA.POKEMON (POKEID, NAME, HP, ATTACK, DEFENSE, SP_ATK, SP_DF, SPEED, LEGENDARY, REGIONNAME, DESCRIPTION) values ('127', 'Pinsir', '65', '125', '100', '55', '70', '85', 'F', 'Kanto', 'Stag Beetle Pokemon');
insert into KAMRADJA.POKEMON (POKEID, NAME, HP, ATTACK, DEFENSE, SP_ATK, SP_DF, SPEED, LEGENDARY, REGIONNAME, DESCRIPTION) values ('128', 'Tauros', '75', '100', '95', '40', '70', '110', 'F', 'Kanto', 'Wild Bull Pokemon');
insert into KAMRADJA.POKEMON (POKEID, NAME, HP, ATTACK, DEFENSE, SP_ATK, SP_DF, SPEED, LEGENDARY, REGIONNAME, DESCRIPTION) values ('129', 'Magikarp', '20', '10', '55', '15', '20', '80', 'F', 'Kanto', 'Fish Pokemon');
insert into KAMRADJA.POKEMON (POKEID, NAME, HP, ATTACK, DEFENSE, SP_ATK, SP_DF, SPEED, LEGENDARY, REGIONNAME, DESCRIPTION) values ('130', 'Gyarados', '95', '125', '79', '60', '100', '81', 'F', 'Kanto', 'Atrocious Pokemon');
insert into KAMRADJA.POKEMON (POKEID, NAME, HP, ATTACK, DEFENSE, SP_ATK, SP_DF, SPEED, LEGENDARY, REGIONNAME, DESCRIPTION) values ('131', 'Lapras', '130', '85', '80', '85', '95', '60', 'F', 'Kanto', 'Transport Pokemon');
insert into KAMRADJA.POKEMON (POKEID, NAME, HP, ATTACK, DEFENSE, SP_ATK, SP_DF, SPEED, LEGENDARY, REGIONNAME, DESCRIPTION) values ('132', 'Ditto', '48', '48', '48', '48', '48', '48', 'F', 'Kanto', 'Transform Pokemon');
insert into KAMRADJA.POKEMON (POKEID, NAME, HP, ATTACK, DEFENSE, SP_ATK, SP_DF, SPEED, LEGENDARY, REGIONNAME, DESCRIPTION) values ('133', 'Eevee', '55', '55', '50', '45', '65', '55', 'F', 'Kanto', 'Evolution Pokemon');
insert into KAMRADJA.POKEMON (POKEID, NAME, HP, ATTACK, DEFENSE, SP_ATK, SP_DF, SPEED, LEGENDARY, REGIONNAME, DESCRIPTION) values ('134', 'Vaporeon', '130', '65', '60', '110', '95', '65', 'F', 'Kanto', 'Bubble Jet Pokemon');
insert into KAMRADJA.POKEMON (POKEID, NAME, HP, ATTACK, DEFENSE, SP_ATK, SP_DF, SPEED, LEGENDARY, REGIONNAME, DESCRIPTION) values ('135', 'Jolteon', '65', '65', '60', '110', '95', '130', 'F', 'Kanto', 'Lightning Pokemon');
insert into KAMRADJA.POKEMON (POKEID, NAME, HP, ATTACK, DEFENSE, SP_ATK, SP_DF, SPEED, LEGENDARY, REGIONNAME, DESCRIPTION) values ('136', 'Flareon', '65', '130', '60', '95', '110', '65', 'F', 'Kanto', 'Flame Pokemon');
insert into KAMRADJA.POKEMON (POKEID, NAME, HP, ATTACK, DEFENSE, SP_ATK, SP_DF, SPEED, LEGENDARY, REGIONNAME, DESCRIPTION) values ('137', 'Porygon', '65', '60', '70', '85', '75', '40', 'F', 'Kanto', 'Virtual Pokemon');
insert into KAMRADJA.POKEMON (POKEID, NAME, HP, ATTACK, DEFENSE, SP_ATK, SP_DF, SPEED, LEGENDARY, REGIONNAME, DESCRIPTION) values ('138', 'Omanyte', '35', '40', '100', '90', '55', '35', 'F', 'Kanto', 'Spiral Pokemon');
insert into KAMRADJA.POKEMON (POKEID, NAME, HP, ATTACK, DEFENSE, SP_ATK, SP_DF, SPEED, LEGENDARY, REGIONNAME, DESCRIPTION) values ('139', 'Omastar', '70', '60', '125', '115', '70', '55', 'F', 'Kanto', 'Spiral Pokemon');
insert into KAMRADJA.POKEMON (POKEID, NAME, HP, ATTACK, DEFENSE, SP_ATK, SP_DF, SPEED, LEGENDARY, REGIONNAME, DESCRIPTION) values ('140', 'Kabuto', '30', '80', '90', '55', '45', '55', 'F', 'Kanto', 'Shellfish Pokemon');
insert into KAMRADJA.POKEMON (POKEID, NAME, HP, ATTACK, DEFENSE, SP_ATK, SP_DF, SPEED, LEGENDARY, REGIONNAME, DESCRIPTION) values ('141', 'Kabutops', '60', '115', '105', '65', '70', '80', 'F', 'Kanto', 'Shellfish Pokemon');
insert into KAMRADJA.POKEMON (POKEID, NAME, HP, ATTACK, DEFENSE, SP_ATK, SP_DF, SPEED, LEGENDARY, REGIONNAME, DESCRIPTION) values ('142', 'Aerodactyl', '80', '105', '65', '60', '75', '130', 'F', 'Kanto', 'Fossil Pokemon');
insert into KAMRADJA.POKEMON (POKEID, NAME, HP, ATTACK, DEFENSE, SP_ATK, SP_DF, SPEED, LEGENDARY, REGIONNAME, DESCRIPTION) values ('143', 'Snorlax', '160', '110', '65', '65', '110', '30', 'F', 'Kanto', 'Sleeping Pokemon');
insert into KAMRADJA.POKEMON (POKEID, NAME, HP, ATTACK, DEFENSE, SP_ATK, SP_DF, SPEED, LEGENDARY, REGIONNAME, DESCRIPTION) values ('144', 'Articuno', '90', '85', '100', '95', '125', '85', 'T', 'Kanto', 'Freeze Pokemon');
insert into KAMRADJA.POKEMON (POKEID, NAME, HP, ATTACK, DEFENSE, SP_ATK, SP_DF, SPEED, LEGENDARY, REGIONNAME, DESCRIPTION) values ('145', 'Zapdos', '90', '90', '85', '125', '90', '100', 'T', 'Kanto', 'Electric Pokemon');
insert into KAMRADJA.POKEMON (POKEID, NAME, HP, ATTACK, DEFENSE, SP_ATK, SP_DF, SPEED, LEGENDARY, REGIONNAME, DESCRIPTION) values ('146', 'Moltres', '90', '100', '90', '125', '85', '90', 'T', 'Kanto', 'Flame Pokemon');
insert into KAMRADJA.POKEMON (POKEID, NAME, HP, ATTACK, DEFENSE, SP_ATK, SP_DF, SPEED, LEGENDARY, REGIONNAME, DESCRIPTION) values ('147', 'Dratini', '41', '64', '45', '50', '50', '50', 'F', 'Kanto', 'Dragon Pokemon');
insert into KAMRADJA.POKEMON (POKEID, NAME, HP, ATTACK, DEFENSE, SP_ATK, SP_DF, SPEED, LEGENDARY, REGIONNAME, DESCRIPTION) values ('148', 'Dragonair', '61', '84', '65', '70', '70', '70', 'F', 'Kanto', 'Dragon Pokemon');
insert into KAMRADJA.POKEMON (POKEID, NAME, HP, ATTACK, DEFENSE, SP_ATK, SP_DF, SPEED, LEGENDARY, REGIONNAME, DESCRIPTION) values ('149', 'Dragonite', '91', '134', '95', '100', '100', '80', 'F', 'Kanto', 'Dragon Pokemon');
insert into KAMRADJA.POKEMON (POKEID, NAME, HP, ATTACK, DEFENSE, SP_ATK, SP_DF, SPEED, LEGENDARY, REGIONNAME, DESCRIPTION) values ('150', 'Mewtwo', '106', '110', '90', '154', '90', '130', 'T', 'Kanto', 'Genetic Pokemon');
insert into KAMRADJA.POKEMON (POKEID, NAME, HP, ATTACK, DEFENSE, SP_ATK, SP_DF, SPEED, LEGENDARY, REGIONNAME, DESCRIPTION) values ('151', 'Mew', '100', '100', '100', '100', '100', '100', 'F', 'Johto', 'New Species Pokemon');
insert into KAMRADJA.POKEMON (POKEID, NAME, HP, ATTACK, DEFENSE, SP_ATK, SP_DF, SPEED, LEGENDARY, REGIONNAME, DESCRIPTION) values ('152', 'Chikorita', '45', '49', '65', '49', '65', '45', 'F', 'Johto', 'Leaf Pokemon');
insert into KAMRADJA.POKEMON (POKEID, NAME, HP, ATTACK, DEFENSE, SP_ATK, SP_DF, SPEED, LEGENDARY, REGIONNAME, DESCRIPTION) values ('153', 'Bayleef', '60', '62', '80', '63', '80', '60', 'F', 'Johto', 'Leaf Pokemon');
insert into KAMRADJA.POKEMON (POKEID, NAME, HP, ATTACK, DEFENSE, SP_ATK, SP_DF, SPEED, LEGENDARY, REGIONNAME, DESCRIPTION) values ('154', 'Meganium', '80', '82', '100', '83', '100', '80', 'F', 'Johto', 'Herb Pokemon');
insert into KAMRADJA.POKEMON (POKEID, NAME, HP, ATTACK, DEFENSE, SP_ATK, SP_DF, SPEED, LEGENDARY, REGIONNAME, DESCRIPTION) values ('155', 'Cyndaquil', '39', '52', '43', '60', '50', '65', 'F', 'Johto', 'Fire Mouse Pokemon');
insert into KAMRADJA.POKEMON (POKEID, NAME, HP, ATTACK, DEFENSE, SP_ATK, SP_DF, SPEED, LEGENDARY, REGIONNAME, DESCRIPTION) values ('156', 'Quilava', '58', '64', '58', '80', '65', '80', 'F', 'Johto', 'Volcano Pokemon');
insert into KAMRADJA.POKEMON (POKEID, NAME, HP, ATTACK, DEFENSE, SP_ATK, SP_DF, SPEED, LEGENDARY, REGIONNAME, DESCRIPTION) values ('157', 'Typhlosion', '78', '84', '78', '109', '85', '100', 'F', 'Johto', 'Volcano Pokemon');
insert into KAMRADJA.POKEMON (POKEID, NAME, HP, ATTACK, DEFENSE, SP_ATK, SP_DF, SPEED, LEGENDARY, REGIONNAME, DESCRIPTION) values ('158', 'Totodile', '50', '65', '64', '44', '48', '43', 'F', 'Johto', 'Big Jaw Pokemon');
insert into KAMRADJA.POKEMON (POKEID, NAME, HP, ATTACK, DEFENSE, SP_ATK, SP_DF, SPEED, LEGENDARY, REGIONNAME, DESCRIPTION) values ('159', 'Croconaw', '65', '80', '80', '59', '63', '58', 'F', 'Johto', 'Big Jaw Pokemon');
insert into KAMRADJA.POKEMON (POKEID, NAME, HP, ATTACK, DEFENSE, SP_ATK, SP_DF, SPEED, LEGENDARY, REGIONNAME, DESCRIPTION) values ('160', 'Feraligatr', '85', '105', '100', '79', '83', '78', 'F', 'Johto', 'Big Jaw Pokemon');
insert into KAMRADJA.POKEMON (POKEID, NAME, HP, ATTACK, DEFENSE, SP_ATK, SP_DF, SPEED, LEGENDARY, REGIONNAME, DESCRIPTION) values ('161', 'Sentret', '35', '46', '34', '35', '45', '20', 'F', 'Johto', 'Scout Pokemon');
insert into KAMRADJA.POKEMON (POKEID, NAME, HP, ATTACK, DEFENSE, SP_ATK, SP_DF, SPEED, LEGENDARY, REGIONNAME, DESCRIPTION) values ('162', 'Furret', '85', '76', '64', '45', '55', '90', 'F', 'Johto', 'Long Body Pokemon');
insert into KAMRADJA.POKEMON (POKEID, NAME, HP, ATTACK, DEFENSE, SP_ATK, SP_DF, SPEED, LEGENDARY, REGIONNAME, DESCRIPTION) values ('163', 'Hoothoot', '60', '30', '30', '36', '56', '50', 'F', 'Johto', 'Owl Pokemon');
insert into KAMRADJA.POKEMON (POKEID, NAME, HP, ATTACK, DEFENSE, SP_ATK, SP_DF, SPEED, LEGENDARY, REGIONNAME, DESCRIPTION) values ('164', 'Noctowl', '100', '50', '50', '76', '96', '70', 'F', 'Johto', 'Owl Pokemon');
insert into KAMRADJA.POKEMON (POKEID, NAME, HP, ATTACK, DEFENSE, SP_ATK, SP_DF, SPEED, LEGENDARY, REGIONNAME, DESCRIPTION) values ('165', 'Ledyba', '40', '20', '30', '40', '80', '55', 'F', 'Johto', 'Five Star Pokemon');
insert into KAMRADJA.POKEMON (POKEID, NAME, HP, ATTACK, DEFENSE, SP_ATK, SP_DF, SPEED, LEGENDARY, REGIONNAME, DESCRIPTION) values ('166', 'Ledian', '55', '35', '50', '55', '110', '85', 'F', 'Johto', 'Five Star Pokemon');
insert into KAMRADJA.POKEMON (POKEID, NAME, HP, ATTACK, DEFENSE, SP_ATK, SP_DF, SPEED, LEGENDARY, REGIONNAME, DESCRIPTION) values ('167', 'Spinarak', '40', '60', '40', '40', '40', '30', 'F', 'Johto', 'String Spit Pokemon');
insert into KAMRADJA.POKEMON (POKEID, NAME, HP, ATTACK, DEFENSE, SP_ATK, SP_DF, SPEED, LEGENDARY, REGIONNAME, DESCRIPTION) values ('168', 'Ariados', '70', '90', '70', '60', '60', '40', 'F', 'Johto', 'Long Leg Pokemon');
insert into KAMRADJA.POKEMON (POKEID, NAME, HP, ATTACK, DEFENSE, SP_ATK, SP_DF, SPEED, LEGENDARY, REGIONNAME, DESCRIPTION) values ('169', 'Crobat', '85', '90', '80', '70', '80', '130', 'F', 'Johto', 'Bat Pokemon');
insert into KAMRADJA.POKEMON (POKEID, NAME, HP, ATTACK, DEFENSE, SP_ATK, SP_DF, SPEED, LEGENDARY, REGIONNAME, DESCRIPTION) values ('170', 'Chinchou', '75', '38', '38', '56', '56', '67', 'F', 'Johto', 'Angler Pokemon');
insert into KAMRADJA.POKEMON (POKEID, NAME, HP, ATTACK, DEFENSE, SP_ATK, SP_DF, SPEED, LEGENDARY, REGIONNAME, DESCRIPTION) values ('171', 'Lanturn', '125', '58', '58', '76', '76', '67', 'F', 'Johto', 'Light Pokemon');
insert into KAMRADJA.POKEMON (POKEID, NAME, HP, ATTACK, DEFENSE, SP_ATK, SP_DF, SPEED, LEGENDARY, REGIONNAME, DESCRIPTION) values ('172', 'Pichu', '20', '40', '15', '35', '35', '60', 'F', 'Johto', 'Tiny Mouse Pokemon');
insert into KAMRADJA.POKEMON (POKEID, NAME, HP, ATTACK, DEFENSE, SP_ATK, SP_DF, SPEED, LEGENDARY, REGIONNAME, DESCRIPTION) values ('173', 'Cleffa', '50', '25', '28', '45', '55', '15', 'F', 'Johto', 'Star Shape Pokemon');
insert into KAMRADJA.POKEMON (POKEID, NAME, HP, ATTACK, DEFENSE, SP_ATK, SP_DF, SPEED, LEGENDARY, REGIONNAME, DESCRIPTION) values ('174', 'Igglybuff', '90', '30', '15', '40', '20', '15', 'F', 'Johto', 'Balloon Pokemon');
insert into KAMRADJA.POKEMON (POKEID, NAME, HP, ATTACK, DEFENSE, SP_ATK, SP_DF, SPEED, LEGENDARY, REGIONNAME, DESCRIPTION) values ('175', 'Togepi', '35', '20', '65', '40', '65', '20', 'F', 'Johto', 'Spike Ball Pokemon');
insert into KAMRADJA.POKEMON (POKEID, NAME, HP, ATTACK, DEFENSE, SP_ATK, SP_DF, SPEED, LEGENDARY, REGIONNAME, DESCRIPTION) values ('176', 'Togetic', '55', '40', '85', '80', '105', '40', 'F', 'Johto', 'Happiness Pokemon');
insert into KAMRADJA.POKEMON (POKEID, NAME, HP, ATTACK, DEFENSE, SP_ATK, SP_DF, SPEED, LEGENDARY, REGIONNAME, DESCRIPTION) values ('177', 'Natu', '40', '50', '45', '70', '45', '70', 'F', 'Johto', 'Tiny Bird Pokemon');
insert into KAMRADJA.POKEMON (POKEID, NAME, HP, ATTACK, DEFENSE, SP_ATK, SP_DF, SPEED, LEGENDARY, REGIONNAME, DESCRIPTION) values ('178', 'Xatu', '65', '75', '70', '95', '70', '95', 'F', 'Johto', 'Mystic Pokemon');
insert into KAMRADJA.POKEMON (POKEID, NAME, HP, ATTACK, DEFENSE, SP_ATK, SP_DF, SPEED, LEGENDARY, REGIONNAME, DESCRIPTION) values ('179', 'Mareep', '55', '40', '40', '65', '45', '35', 'F', 'Johto', 'Wool Pokemon');
insert into KAMRADJA.POKEMON (POKEID, NAME, HP, ATTACK, DEFENSE, SP_ATK, SP_DF, SPEED, LEGENDARY, REGIONNAME, DESCRIPTION) values ('180', 'Flaaffy', '70', '55', '55', '80', '60', '45', 'F', 'Johto', 'Wool Pokemon');
insert into KAMRADJA.POKEMON (POKEID, NAME, HP, ATTACK, DEFENSE, SP_ATK, SP_DF, SPEED, LEGENDARY, REGIONNAME, DESCRIPTION) values ('181', 'Ampharos', '90', '75', '85', '115', '90', '55', 'F', 'Johto', 'Light Pokemon');
insert into KAMRADJA.POKEMON (POKEID, NAME, HP, ATTACK, DEFENSE, SP_ATK, SP_DF, SPEED, LEGENDARY, REGIONNAME, DESCRIPTION) values ('182', 'Bellossom', '75', '80', '95', '90', '100', '50', 'F', 'Johto', 'Flower Pokemon');
insert into KAMRADJA.POKEMON (POKEID, NAME, HP, ATTACK, DEFENSE, SP_ATK, SP_DF, SPEED, LEGENDARY, REGIONNAME, DESCRIPTION) values ('183', 'Marill', '70', '20', '50', '20', '50', '40', 'F', 'Johto', 'Aqua Mouse Pokemon');
insert into KAMRADJA.POKEMON (POKEID, NAME, HP, ATTACK, DEFENSE, SP_ATK, SP_DF, SPEED, LEGENDARY, REGIONNAME, DESCRIPTION) values ('184', 'Azumarill', '100', '50', '80', '60', '80', '50', 'F', 'Johto', 'Aqua Rabbit Pokemon');
insert into KAMRADJA.POKEMON (POKEID, NAME, HP, ATTACK, DEFENSE, SP_ATK, SP_DF, SPEED, LEGENDARY, REGIONNAME, DESCRIPTION) values ('185', 'Sudowoodo', '70', '100', '115', '30', '65', '30', 'F', 'Johto', 'Imitation Pokemon');
insert into KAMRADJA.POKEMON (POKEID, NAME, HP, ATTACK, DEFENSE, SP_ATK, SP_DF, SPEED, LEGENDARY, REGIONNAME, DESCRIPTION) values ('186', 'Politoed', '90', '75', '75', '90', '100', '70', 'F', 'Johto', 'Frog Pokemon');
insert into KAMRADJA.POKEMON (POKEID, NAME, HP, ATTACK, DEFENSE, SP_ATK, SP_DF, SPEED, LEGENDARY, REGIONNAME, DESCRIPTION) values ('187', 'Hoppip', '35', '35', '40', '35', '55', '50', 'F', 'Johto', 'Cottonweed Pokemon');
insert into KAMRADJA.POKEMON (POKEID, NAME, HP, ATTACK, DEFENSE, SP_ATK, SP_DF, SPEED, LEGENDARY, REGIONNAME, DESCRIPTION) values ('188', 'Skiploom', '55', '45', '50', '45', '65', '80', 'F', 'Johto', 'Cottonweed Pokemon');
insert into KAMRADJA.POKEMON (POKEID, NAME, HP, ATTACK, DEFENSE, SP_ATK, SP_DF, SPEED, LEGENDARY, REGIONNAME, DESCRIPTION) values ('189', 'Jumpluff', '75', '55', '70', '55', '95', '110', 'F', 'Johto', 'Cottonweed Pokemon');
insert into KAMRADJA.POKEMON (POKEID, NAME, HP, ATTACK, DEFENSE, SP_ATK, SP_DF, SPEED, LEGENDARY, REGIONNAME, DESCRIPTION) values ('190', 'Aipom', '55', '70', '55', '40', '55', '85', 'F', 'Johto', 'Long Tail Pokemon');
insert into KAMRADJA.POKEMON (POKEID, NAME, HP, ATTACK, DEFENSE, SP_ATK, SP_DF, SPEED, LEGENDARY, REGIONNAME, DESCRIPTION) values ('191', 'Sunkern', '30', '30', '30', '30', '30', '30', 'F', 'Johto', 'Seed Pokemon');
insert into KAMRADJA.POKEMON (POKEID, NAME, HP, ATTACK, DEFENSE, SP_ATK, SP_DF, SPEED, LEGENDARY, REGIONNAME, DESCRIPTION) values ('192', 'Sunflora', '75', '75', '55', '105', '85', '30', 'F', 'Johto', 'Sun Pokemon');
insert into KAMRADJA.POKEMON (POKEID, NAME, HP, ATTACK, DEFENSE, SP_ATK, SP_DF, SPEED, LEGENDARY, REGIONNAME, DESCRIPTION) values ('193', 'Yanma', '65', '65', '45', '75', '45', '95', 'F', 'Johto', 'Clear Wing Pokemon');
insert into KAMRADJA.POKEMON (POKEID, NAME, HP, ATTACK, DEFENSE, SP_ATK, SP_DF, SPEED, LEGENDARY, REGIONNAME, DESCRIPTION) values ('194', 'Wooper', '55', '45', '45', '25', '25', '15', 'F', 'Johto', 'Water Fish Pokemon');
insert into KAMRADJA.POKEMON (POKEID, NAME, HP, ATTACK, DEFENSE, SP_ATK, SP_DF, SPEED, LEGENDARY, REGIONNAME, DESCRIPTION) values ('195', 'Quagsire', '95', '85', '85', '65', '65', '35', 'F', 'Johto', 'Water Fish Pokemon');
insert into KAMRADJA.POKEMON (POKEID, NAME, HP, ATTACK, DEFENSE, SP_ATK, SP_DF, SPEED, LEGENDARY, REGIONNAME, DESCRIPTION) values ('196', 'Espeon', '65', '65', '60', '130', '95', '110', 'F', 'Johto', 'Sun Pokemon');
insert into KAMRADJA.POKEMON (POKEID, NAME, HP, ATTACK, DEFENSE, SP_ATK, SP_DF, SPEED, LEGENDARY, REGIONNAME, DESCRIPTION) values ('197', 'Umbreon', '95', '65', '110', '60', '130', '65', 'F', 'Johto', 'Moonlight Pokemon');
insert into KAMRADJA.POKEMON (POKEID, NAME, HP, ATTACK, DEFENSE, SP_ATK, SP_DF, SPEED, LEGENDARY, REGIONNAME, DESCRIPTION) values ('198', 'Murkrow', '60', '85', '42', '85', '42', '91', 'F', 'Johto', 'Darkness Pokemon');
insert into KAMRADJA.POKEMON (POKEID, NAME, HP, ATTACK, DEFENSE, SP_ATK, SP_DF, SPEED, LEGENDARY, REGIONNAME, DESCRIPTION) values ('199', 'Slowking', '95', '75', '80', '100', '110', '30', 'F', 'Johto', 'Royal Pokemon');
insert into KAMRADJA.POKEMON (POKEID, NAME, HP, ATTACK, DEFENSE, SP_ATK, SP_DF, SPEED, LEGENDARY, REGIONNAME, DESCRIPTION) values ('200', 'Misdreavus', '60', '60', '60', '85', '85', '85', 'F', 'Johto', 'Screech Pokemon');
insert into KAMRADJA.POKEMON (POKEID, NAME, HP, ATTACK, DEFENSE, SP_ATK, SP_DF, SPEED, LEGENDARY, REGIONNAME, DESCRIPTION) values ('201', 'Unown', '48', '72', '48', '72', '48', '48', 'F', 'Johto', 'Symbol Pokemon');
insert into KAMRADJA.POKEMON (POKEID, NAME, HP, ATTACK, DEFENSE, SP_ATK, SP_DF, SPEED, LEGENDARY, REGIONNAME, DESCRIPTION) values ('202', 'Wobbuffet', '190', '33', '58', '33', '58', '33', 'F', 'Johto', 'Patient Pokemon');
insert into KAMRADJA.POKEMON (POKEID, NAME, HP, ATTACK, DEFENSE, SP_ATK, SP_DF, SPEED, LEGENDARY, REGIONNAME, DESCRIPTION) values ('203', 'Girafarig', '70', '80', '65', '90', '65', '85', 'F', 'Johto', 'Long Neck Pokemon');
insert into KAMRADJA.POKEMON (POKEID, NAME, HP, ATTACK, DEFENSE, SP_ATK, SP_DF, SPEED, LEGENDARY, REGIONNAME, DESCRIPTION) values ('204', 'Pineco', '50', '65', '90', '35', '35', '15', 'F', 'Johto', 'Bagworm Pokemon');
insert into KAMRADJA.POKEMON (POKEID, NAME, HP, ATTACK, DEFENSE, SP_ATK, SP_DF, SPEED, LEGENDARY, REGIONNAME, DESCRIPTION) values ('205', 'Forretress', '75', '90', '140', '60', '60', '40', 'F', 'Johto', 'Bagworm Pokemon');
insert into KAMRADJA.POKEMON (POKEID, NAME, HP, ATTACK, DEFENSE, SP_ATK, SP_DF, SPEED, LEGENDARY, REGIONNAME, DESCRIPTION) values ('206', 'Dunsparce', '100', '70', '70', '65', '65', '45', 'F', 'Johto', 'Land Snake Pokemon');
insert into KAMRADJA.POKEMON (POKEID, NAME, HP, ATTACK, DEFENSE, SP_ATK, SP_DF, SPEED, LEGENDARY, REGIONNAME, DESCRIPTION) values ('207', 'Gligar', '65', '75', '105', '35', '65', '85', 'F', 'Johto', 'FlyScorpion Pokemon');
insert into KAMRADJA.POKEMON (POKEID, NAME, HP, ATTACK, DEFENSE, SP_ATK, SP_DF, SPEED, LEGENDARY, REGIONNAME, DESCRIPTION) values ('208', 'Steelix', '75', '85', '200', '55', '65', '30', 'F', 'Johto', 'Iron Snake Pokemon');
insert into KAMRADJA.POKEMON (POKEID, NAME, HP, ATTACK, DEFENSE, SP_ATK, SP_DF, SPEED, LEGENDARY, REGIONNAME, DESCRIPTION) values ('209', 'Snubbull', '60', '80', '50', '40', '40', '30', 'F', 'Johto', 'Fairy Pokemon');
insert into KAMRADJA.POKEMON (POKEID, NAME, HP, ATTACK, DEFENSE, SP_ATK, SP_DF, SPEED, LEGENDARY, REGIONNAME, DESCRIPTION) values ('210', 'Granbull', '90', '120', '75', '60', '60', '45', 'F', 'Johto', 'Fairy Pokemon');
insert into KAMRADJA.POKEMON (POKEID, NAME, HP, ATTACK, DEFENSE, SP_ATK, SP_DF, SPEED, LEGENDARY, REGIONNAME, DESCRIPTION) values ('211', 'Qwilfish', '65', '95', '75', '55', '55', '85', 'F', 'Johto', 'Balloon Pokemon');
insert into KAMRADJA.POKEMON (POKEID, NAME, HP, ATTACK, DEFENSE, SP_ATK, SP_DF, SPEED, LEGENDARY, REGIONNAME, DESCRIPTION) values ('212', 'Scizor', '70', '130', '100', '55', '80', '65', 'F', 'Johto', 'Pincer Pokemon');
insert into KAMRADJA.POKEMON (POKEID, NAME, HP, ATTACK, DEFENSE, SP_ATK, SP_DF, SPEED, LEGENDARY, REGIONNAME, DESCRIPTION) values ('213', 'Shuckle', '20', '10', '230', '10', '230', '5', 'F', 'Johto', 'Mold Pokemon');
insert into KAMRADJA.POKEMON (POKEID, NAME, HP, ATTACK, DEFENSE, SP_ATK, SP_DF, SPEED, LEGENDARY, REGIONNAME, DESCRIPTION) values ('214', 'Heracross', '80', '125', '75', '40', '95', '85', 'F', 'Johto', 'Single Horn Pokemon');
insert into KAMRADJA.POKEMON (POKEID, NAME, HP, ATTACK, DEFENSE, SP_ATK, SP_DF, SPEED, LEGENDARY, REGIONNAME, DESCRIPTION) values ('215', 'Sneasel', '55', '95', '55', '35', '75', '115', 'F', 'Johto', 'Sharp Claw Pokemon');
insert into KAMRADJA.POKEMON (POKEID, NAME, HP, ATTACK, DEFENSE, SP_ATK, SP_DF, SPEED, LEGENDARY, REGIONNAME, DESCRIPTION) values ('216', 'Teddiursa', '60', '80', '50', '50', '50', '40', 'F', 'Johto', 'Little Bear Pokemon');
insert into KAMRADJA.POKEMON (POKEID, NAME, HP, ATTACK, DEFENSE, SP_ATK, SP_DF, SPEED, LEGENDARY, REGIONNAME, DESCRIPTION) values ('217', 'Ursaring', '90', '130', '75', '75', '75', '55', 'F', 'Johto', 'Hibernator Pokemon');
insert into KAMRADJA.POKEMON (POKEID, NAME, HP, ATTACK, DEFENSE, SP_ATK, SP_DF, SPEED, LEGENDARY, REGIONNAME, DESCRIPTION) values ('218', 'Slugma', '40', '40', '40', '70', '40', '20', 'F', 'Johto', 'Lava Pokemon');
insert into KAMRADJA.POKEMON (POKEID, NAME, HP, ATTACK, DEFENSE, SP_ATK, SP_DF, SPEED, LEGENDARY, REGIONNAME, DESCRIPTION) values ('219', 'Magcargo', '50', '50', '120', '80', '80', '30', 'F', 'Johto', 'Lava Pokemon');
insert into KAMRADJA.POKEMON (POKEID, NAME, HP, ATTACK, DEFENSE, SP_ATK, SP_DF, SPEED, LEGENDARY, REGIONNAME, DESCRIPTION) values ('220', 'Swinub', '50', '50', '40', '30', '30', '50', 'F', 'Johto', 'Pig Pokemon');
insert into KAMRADJA.POKEMON (POKEID, NAME, HP, ATTACK, DEFENSE, SP_ATK, SP_DF, SPEED, LEGENDARY, REGIONNAME, DESCRIPTION) values ('221', 'Piloswine', '100', '100', '80', '60', '60', '50', 'F', 'Johto', 'Swine Pokemon');
insert into KAMRADJA.POKEMON (POKEID, NAME, HP, ATTACK, DEFENSE, SP_ATK, SP_DF, SPEED, LEGENDARY, REGIONNAME, DESCRIPTION) values ('222', 'Corsola', '55', '55', '85', '65', '85', '35', 'F', 'Johto', 'Coral Pokemon');
insert into KAMRADJA.POKEMON (POKEID, NAME, HP, ATTACK, DEFENSE, SP_ATK, SP_DF, SPEED, LEGENDARY, REGIONNAME, DESCRIPTION) values ('223', 'Remoraid', '35', '65', '35', '65', '35', '65', 'F', 'Johto', 'Jet Pokemon');
insert into KAMRADJA.POKEMON (POKEID, NAME, HP, ATTACK, DEFENSE, SP_ATK, SP_DF, SPEED, LEGENDARY, REGIONNAME, DESCRIPTION) values ('224', 'Octillery', '75', '105', '75', '105', '75', '45', 'F', 'Johto', 'Jet Pokemon');
insert into KAMRADJA.POKEMON (POKEID, NAME, HP, ATTACK, DEFENSE, SP_ATK, SP_DF, SPEED, LEGENDARY, REGIONNAME, DESCRIPTION) values ('225', 'Delibird', '45', '55', '45', '65', '45', '75', 'F', 'Johto', 'Delivery Pokemon');
insert into KAMRADJA.POKEMON (POKEID, NAME, HP, ATTACK, DEFENSE, SP_ATK, SP_DF, SPEED, LEGENDARY, REGIONNAME, DESCRIPTION) values ('226', 'Mantine', '65', '40', '70', '80', '140', '70', 'F', 'Johto', 'Kite Pokemon');
insert into KAMRADJA.POKEMON (POKEID, NAME, HP, ATTACK, DEFENSE, SP_ATK, SP_DF, SPEED, LEGENDARY, REGIONNAME, DESCRIPTION) values ('227', 'Skarmory', '65', '80', '140', '40', '70', '70', 'F', 'Johto', 'Armor Bird Pokemon');
insert into KAMRADJA.POKEMON (POKEID, NAME, HP, ATTACK, DEFENSE, SP_ATK, SP_DF, SPEED, LEGENDARY, REGIONNAME, DESCRIPTION) values ('228', 'Houndour', '45', '60', '30', '80', '50', '65', 'F', 'Johto', 'Dark Pokemon');
insert into KAMRADJA.POKEMON (POKEID, NAME, HP, ATTACK, DEFENSE, SP_ATK, SP_DF, SPEED, LEGENDARY, REGIONNAME, DESCRIPTION) values ('229', 'Houndoom', '75', '90', '50', '110', '80', '95', 'F', 'Johto', 'Dark Pokemon');
insert into KAMRADJA.POKEMON (POKEID, NAME, HP, ATTACK, DEFENSE, SP_ATK, SP_DF, SPEED, LEGENDARY, REGIONNAME, DESCRIPTION) values ('230', 'Kingdra', '75', '95', '95', '95', '95', '85', 'F', 'Johto', 'Dragon Pokemon');
insert into KAMRADJA.POKEMON (POKEID, NAME, HP, ATTACK, DEFENSE, SP_ATK, SP_DF, SPEED, LEGENDARY, REGIONNAME, DESCRIPTION) values ('231', 'Phanpy', '90', '60', '60', '40', '40', '40', 'F', 'Johto', 'Long Nose Pokemon');
insert into KAMRADJA.POKEMON (POKEID, NAME, HP, ATTACK, DEFENSE, SP_ATK, SP_DF, SPEED, LEGENDARY, REGIONNAME, DESCRIPTION) values ('232', 'Donphan', '90', '120', '120', '60', '60', '50', 'F', 'Johto', 'Armor Pokemon');
insert into KAMRADJA.POKEMON (POKEID, NAME, HP, ATTACK, DEFENSE, SP_ATK, SP_DF, SPEED, LEGENDARY, REGIONNAME, DESCRIPTION) values ('233', 'Porygon2', '85', '80', '90', '105', '95', '60', 'F', 'Johto', 'Virtual Pokemon');
insert into KAMRADJA.POKEMON (POKEID, NAME, HP, ATTACK, DEFENSE, SP_ATK, SP_DF, SPEED, LEGENDARY, REGIONNAME, DESCRIPTION) values ('234', 'Stantler', '73', '95', '62', '85', '65', '85', 'F', 'Johto', 'Big Horn Pokemon');
insert into KAMRADJA.POKEMON (POKEID, NAME, HP, ATTACK, DEFENSE, SP_ATK, SP_DF, SPEED, LEGENDARY, REGIONNAME, DESCRIPTION) values ('235', 'Smeargle', '55', '20', '35', '20', '45', '75', 'F', 'Johto', 'Painter Pokemon');
insert into KAMRADJA.POKEMON (POKEID, NAME, HP, ATTACK, DEFENSE, SP_ATK, SP_DF, SPEED, LEGENDARY, REGIONNAME, DESCRIPTION) values ('236', 'Tyrogue', '35', '35', '35', '35', '35', '35', 'F', 'Johto', 'Scuffle Pokemon');
insert into KAMRADJA.POKEMON (POKEID, NAME, HP, ATTACK, DEFENSE, SP_ATK, SP_DF, SPEED, LEGENDARY, REGIONNAME, DESCRIPTION) values ('237', 'Hitmontop', '50', '95', '95', '35', '110', '70', 'F', 'Johto', 'Handstand Pokemon');
insert into KAMRADJA.POKEMON (POKEID, NAME, HP, ATTACK, DEFENSE, SP_ATK, SP_DF, SPEED, LEGENDARY, REGIONNAME, DESCRIPTION) values ('238', 'Smoochum', '45', '30', '15', '85', '65', '65', 'F', 'Johto', 'Kiss Pokemon');
insert into KAMRADJA.POKEMON (POKEID, NAME, HP, ATTACK, DEFENSE, SP_ATK, SP_DF, SPEED, LEGENDARY, REGIONNAME, DESCRIPTION) values ('239', 'Elekid', '45', '63', '37', '65', '55', '95', 'F', 'Johto', 'Electric Pokemon');
insert into KAMRADJA.POKEMON (POKEID, NAME, HP, ATTACK, DEFENSE, SP_ATK, SP_DF, SPEED, LEGENDARY, REGIONNAME, DESCRIPTION) values ('240', 'Magby', '45', '75', '37', '70', '55', '83', 'F', 'Johto', 'Live Coal Pokemon');
insert into KAMRADJA.POKEMON (POKEID, NAME, HP, ATTACK, DEFENSE, SP_ATK, SP_DF, SPEED, LEGENDARY, REGIONNAME, DESCRIPTION) values ('241', 'Miltank', '95', '80', '105', '40', '70', '100', 'F', 'Johto', 'Milk Cow Pokemon');
insert into KAMRADJA.POKEMON (POKEID, NAME, HP, ATTACK, DEFENSE, SP_ATK, SP_DF, SPEED, LEGENDARY, REGIONNAME, DESCRIPTION) values ('242', 'Blissey', '255', '10', '10', '75', '135', '55', 'F', 'Johto', 'Happiness Pokemon');
insert into KAMRADJA.POKEMON (POKEID, NAME, HP, ATTACK, DEFENSE, SP_ATK, SP_DF, SPEED, LEGENDARY, REGIONNAME, DESCRIPTION) values ('243', 'Raikou', '90', '85', '75', '115', '100', '115', 'T', 'Johto', 'Thunder Pokemon');
insert into KAMRADJA.POKEMON (POKEID, NAME, HP, ATTACK, DEFENSE, SP_ATK, SP_DF, SPEED, LEGENDARY, REGIONNAME, DESCRIPTION) values ('244', 'Entei', '115', '115', '85', '90', '75', '100', 'T', 'Johto', 'Volcano Pokemon');
insert into KAMRADJA.POKEMON (POKEID, NAME, HP, ATTACK, DEFENSE, SP_ATK, SP_DF, SPEED, LEGENDARY, REGIONNAME, DESCRIPTION) values ('245', 'Suicune', '100', '75', '115', '90', '115', '85', 'T', 'Johto', 'Aurora Pokemon');
insert into KAMRADJA.POKEMON (POKEID, NAME, HP, ATTACK, DEFENSE, SP_ATK, SP_DF, SPEED, LEGENDARY, REGIONNAME, DESCRIPTION) values ('246', 'Larvitar', '50', '64', '50', '45', '50', '41', 'F', 'Johto', 'Rock Skin Pokemon');
insert into KAMRADJA.POKEMON (POKEID, NAME, HP, ATTACK, DEFENSE, SP_ATK, SP_DF, SPEED, LEGENDARY, REGIONNAME, DESCRIPTION) values ('247', 'Pupitar', '70', '84', '70', '65', '70', '51', 'F', 'Johto', 'Hard Shell Pokemon');
insert into KAMRADJA.POKEMON (POKEID, NAME, HP, ATTACK, DEFENSE, SP_ATK, SP_DF, SPEED, LEGENDARY, REGIONNAME, DESCRIPTION) values ('248', 'Tyranitar', '100', '134', '110', '95', '100', '61', 'F', 'Johto', 'Armor Pokemon');
insert into KAMRADJA.POKEMON (POKEID, NAME, HP, ATTACK, DEFENSE, SP_ATK, SP_DF, SPEED, LEGENDARY, REGIONNAME, DESCRIPTION) values ('249', 'Lugia', '106', '90', '130', '90', '154', '110', 'T', 'Johto', 'Diving Pokemon');
insert into KAMRADJA.POKEMON (POKEID, NAME, HP, ATTACK, DEFENSE, SP_ATK, SP_DF, SPEED, LEGENDARY, REGIONNAME, DESCRIPTION) values ('250', 'Ho-oh', '106', '130', '90', '110', '154', '90', 'T', 'Johto', 'Rainbow Pokemon');
insert into KAMRADJA.POKEMON (POKEID, NAME, HP, ATTACK, DEFENSE, SP_ATK, SP_DF, SPEED, LEGENDARY, REGIONNAME, DESCRIPTION) values ('251', 'Celebi', '100', '100', '100', '100', '100', '100', 'F', 'Johto', 'Time Travel Pokemon');


INSERT INTO HM_Moves VALUES ('HM01', 'Cut', 'Normal');
INSERT INTO HM_Moves  VALUES ('HM02', 'Fly', 'Flying');
INSERT INTO HM_Moves  VALUES ('HM03','Surf', 'Water');
INSERT INTO HM_Moves  VALUES ('HM04','Strength','Normal');
INSERT INTO HM_Moves  VALUES ('HM05','Flash', 'Normal');



INSERT INTO Towns VALUES ('Pallet Town', 'Kanto', 'No Badge');
INSERT INTO Towns VALUES ('Viridian', 'Kanto', 'No Badge');
INSERT INTO Towns VALUES ('Pewter City', 'Kanto', 'Boulder');
INSERT INTO Towns VALUES ('Cerulean City', 'Kanto', 'Cascade');
INSERT INTO Towns VALUES ('Vermilion City', 'Kanto', 'Thunder');
INSERT INTO Towns VALUES ('Lavender Town', 'Kanto', 'No Badge');
INSERT INTO Towns VALUES ('Celadon City', 'Kanto', 'Rainbow');
INSERT INTO Towns VALUES ('Fuchsia City', 'Kanto', 'Soul');
INSERT INTO Towns VALUES ('Saffron City', 'Kanto', 'Marsh');
INSERT INTO Towns VALUES ('Cinnabar Island', 'Kanto', 'Volcano');
INSERT INTO Towns VALUES ('Viridian City', 'Kanto', 'Earth');
INSERT INTO Towns VALUES ('New Bark Town', 'Johto', 'No Badge');
INSERT INTO Towns VALUES ('Cherrygrove City', 'Johto', 'No Badge');
INSERT INTO Towns VALUES ('Violet City', 'Johto', 'Zepher');
INSERT INTO Towns VALUES ('Azalea Town', 'Johto', 'Hive');
INSERT INTO Towns VALUES ('Goldenrod City', 'Johto', 'Plain');
INSERT INTO Towns VALUES ('Ecruteak City', 'Johto', 'Fog');
INSERT INTO Towns VALUES ('Cianwood City', 'Johto', 'Storm');
INSERT INTO Towns VALUES ('Olivine City', 'Johto', 'Mineral');
INSERT INTO Towns VALUES ('Mahogany Town', 'Johto', 'Glacier');
INSERT INTO Towns VALUES ('Blackthorn City', 'Johto', 'Rising');


INSERT INTO Type VALUES ('Fire');
INSERT INTO Type VALUES ('Grass');
INSERT INTO Type VALUES ('Water');
INSERT INTO Type VALUES ('Normal');
INSERT INTO Type VALUES ('Flying');
INSERT INTO Type VALUES ('Fighting');
INSERT INTO Type VALUES ('Poison');
INSERT INTO Type VALUES ('Ground');
INSERT INTO Type VALUES ('Rock');
INSERT INTO Type VALUES ('Bug');
INSERT INTO Type VALUES ('Ghost');
INSERT INTO Type VALUES ('Steel');
INSERT INTO Type VALUES ('Electric');
INSERT INTO Type VALUES ('Psychic');
INSERT INTO Type VALUES ('Ice');
INSERT INTO Type VALUES ('Dragon');
INSERT INTO Type VALUES ('Dark');




INSERT INTO Route VALUES ('Kanto', 'Route 1');
INSERT INTO Route VALUES ('Kanto', 'Route 2');
INSERT INTO Route VALUES ('Kanto', 'Route 3');
INSERT INTO Route VALUES ('Kanto', 'Route 4');
INSERT INTO Route VALUES ('Kanto', 'Route 5');
INSERT INTO Route VALUES ('Kanto', 'Route 6');
INSERT INTO Route VALUES ('Kanto', 'Route 7');
INSERT INTO Route VALUES ('Kanto', 'Route 8');
INSERT INTO Route VALUES ('Kanto', 'Route 9');
INSERT INTO Route VALUES ('Kanto', 'Route 10');
INSERT INTO Route VALUES ('Kanto', 'Route 11');
INSERT INTO Route VALUES ('Kanto', 'Route 12');
INSERT INTO Route VALUES ('Kanto', 'Route 13');
INSERT INTO Route VALUES ('Kanto', 'Route 14');
INSERT INTO Route VALUES ('Kanto', 'Route 15');
INSERT INTO Route VALUES ('Kanto', 'Route 16');
INSERT INTO Route VALUES ('Kanto', 'Route 17');
INSERT INTO Route VALUES ('Kanto', 'Route 18');
INSERT INTO Route VALUES ('Kanto', 'Route 19');
INSERT INTO Route VALUES ('Kanto', 'Route 20');
INSERT INTO Route VALUES ('Kanto', 'Route 21');
INSERT INTO Route VALUES ('Kanto', 'Route 22');
INSERT INTO Route VALUES ('Kanto', 'Route 23');
INSERT INTO Route VALUES ('Kanto', 'Route 24');
INSERT INTO Route VALUES ('Kanto', 'Route 25');
INSERT INTO Route VALUES ('Kanto', 'Route 26');
INSERT INTO Route VALUES ('Kanto', 'Route 27');
INSERT INTO Route VALUES ('Kanto', 'Route 28');
INSERT INTO Route VALUES ('Johto', 'Route 29');
INSERT INTO Route VALUES ('Johto', 'Route 30');
INSERT INTO Route VALUES ('Johto', 'Route 31');
INSERT INTO Route VALUES ('Johto', 'Route 32');
INSERT INTO Route VALUES ('Johto', 'Route 33');
INSERT INTO Route VALUES ('Johto', 'Route 35');
INSERT INTO Route VALUES ('Johto', 'Route 36');
INSERT INTO Route VALUES ('Johto', 'Route 37');
INSERT INTO Route VALUES ('Johto', 'Route 38');
INSERT INTO Route VALUES ('Johto', 'Route 39');
INSERT INTO Route VALUES ('Johto', 'Route 40');
INSERT INTO Route VALUES ('Johto', 'Route 41');
INSERT INTO Route VALUES ('Johto', 'Route 42');
INSERT INTO Route VALUES ('Johto', 'Route 43');
INSERT INTO Route VALUES ('Johto', 'Route 44');
INSERT INTO Route VALUES ('Johto', 'Route 45');
INSERT INTO Route VALUES ('Johto', 'Route 46');



INSERT INTO Evolution VALUES ('IVYSAUR', '001', 'Level 16');
INSERT INTO Evolution VALUES ('VENUSAUR', '002', 'Level 32');
INSERT INTO Evolution VALUES ('CHARMELEON', '004', 'Level 16');
INSERT INTO Evolution VALUES ('CHARIZARD', '005', 'Level 36');
INSERT INTO Evolution VALUES ('WARTORTLE', '007', 'Level 16');
INSERT INTO Evolution VALUES ('BLASTOISE', '008', 'Level 36');
INSERT INTO Evolution VALUES ('METAPOD', '010', 'Level 7');
INSERT INTO Evolution VALUES ('BUTTERFREE', '011', 'Level 10');
INSERT INTO Evolution VALUES ('KAKUNA', '013', 'Level 7');
INSERT INTO Evolution VALUES ('BEEDRILL', '014', 'Level 10');
INSERT INTO Evolution VALUES ('PIDGEOTTO', '016', 'Level 18');
INSERT INTO Evolution VALUES ('PIDGEOT', '017', 'Level 36');
INSERT INTO Evolution VALUES ('RATICATE', '019', 'Level 20');
INSERT INTO Evolution VALUES ('FEAROW', '021', 'Level 20');
INSERT INTO Evolution VALUES ('ARBOK', '023', 'Level 22');
INSERT INTO Evolution VALUES ('RAICHU', '025', 'Any Level');
INSERT INTO Evolution VALUES ('SANDSLASH', '027', 'Level 22');
INSERT INTO Evolution VALUES ('NIDORINA', '029', 'Level 16');
INSERT INTO Evolution VALUES ('NIDOQUEEN', '030', 'Any Level');
INSERT INTO Evolution VALUES ('NIDORINO', '032', 'Level 16');
INSERT INTO Evolution VALUES ('NIDOKING', '033', 'Any Level');
INSERT INTO Evolution VALUES ('CLEFABLE', '035', 'Any Level');
INSERT INTO Evolution VALUES ('NINETAILS', '037', 'Any Level');
INSERT INTO Evolution VALUES ('WIGGLYTUFF', '039', 'Any Level');
INSERT INTO Evolution VALUES ('GOLBAT', '041', 'Level 22');
INSERT INTO Evolution VALUES ('GLOOM', '043', 'Level 21');
INSERT INTO Evolution VALUES ('VILEPLUME', '044', 'Any Level');
INSERT INTO Evolution VALUES ('PARASECT', '046', 'Level 24');
INSERT INTO Evolution VALUES ('VENOMOTH', '048', 'Level 31');
INSERT INTO Evolution VALUES ('DUGTRIO', '050', 'Level 26');
INSERT INTO Evolution VALUES ('PERSIAN', '052', 'Level 28');
INSERT INTO Evolution VALUES ('GOLDUCK', '054', 'Level 33');
INSERT INTO Evolution VALUES ('PRIMEAPE', '056', 'Level 28');
INSERT INTO Evolution VALUES ('ARCANINE', '058', 'Any Level');
INSERT INTO Evolution VALUES ('POLIWHIRL', '060', 'Level 25');
INSERT INTO Evolution VALUES ('POLIWRATH', '061', 'Any Level');
INSERT INTO Evolution VALUES ('KADABRA', '063', 'Level 16');
INSERT INTO Evolution VALUES ('ALAKAZAM', '064', 'Any Level');
INSERT INTO Evolution VALUES ('MACHOKE', '066', 'Level 28');
INSERT INTO Evolution VALUES ('MACHAMP', '067', 'Any Level');
INSERT INTO Evolution VALUES ('WEEPINBELL', '069', 'Level 21');
INSERT INTO Evolution VALUES ('VICTREEBEL', '070', 'Any Level');
INSERT INTO Evolution VALUES ('TENTACRUEL', '072', 'Level 30');
INSERT INTO Evolution VALUES ('GRAVELER', '074', 'Level 25');
INSERT INTO Evolution VALUES ('GOLEM', '075', 'Any Level');
INSERT INTO Evolution VALUES ('RAPIDASH', '077', 'Level 40');
INSERT INTO Evolution VALUES ('SLOWBRO', '079', 'Level 37');
INSERT INTO Evolution VALUES ('MAGNETON', '081', 'Level 30');
INSERT INTO Evolution VALUES ('DODRIO', '084', 'Level 31');
INSERT INTO Evolution VALUES ('DEWGONG', '086', 'Level 34');
INSERT INTO Evolution VALUES ('MUK', '088', 'Level 38');
INSERT INTO Evolution VALUES ('CLOYSTER', '090', 'Any Level');
INSERT INTO Evolution VALUES ('HAUNTER', '092', 'Level 25');
INSERT INTO Evolution VALUES ('GENGAR', '093', 'Any Level');
INSERT INTO Evolution VALUES ('HYPNO', '096', 'Level 26');
INSERT INTO Evolution VALUES ('KINGLER', '098', 'Level 28');
INSERT INTO Evolution VALUES ('ELECTRODE', '100', 'Level 30');
INSERT INTO Evolution VALUES ('EXEGGUTOR', '102', 'Any Level');
INSERT INTO Evolution VALUES ('MAROWAK', '104', 'Level 28');
INSERT INTO Evolution VALUES ('WEEZING', '109', 'Level 35');
INSERT INTO Evolution VALUES ('RHYDON', '111', 'Level 42');
INSERT INTO Evolution VALUES ('SEADRA', '116', 'Level 32');
INSERT INTO Evolution VALUES ('SEAKING', '118', 'Level 33');
INSERT INTO Evolution VALUES ('STARMIE', '120', 'Any Level');
INSERT INTO Evolution VALUES ('GYARADOS', '129', 'Level 20');
INSERT INTO Evolution VALUES ('OMASTAR', '138', 'Level 40');
INSERT INTO Evolution VALUES ('KABUTOPS', '140', 'Level 40');
INSERT INTO Evolution VALUES ('DRAGONAIR', '147', 'Level 30');
INSERT INTO Evolution VALUES ('DRAGONITE', '148', 'Level 55');


INSERT INTO Ability VALUES ('001', 'Overgrow', 'Chlorophyll');
INSERT INTO Ability VALUES ('004', 'Blaze', 'Solar Power');
INSERT INTO Ability VALUES ('007', 'Torrent', 'Rain Dish');



INSERT INTO pokeHaveHM VALUES ('HM01', '001', 'Cut');
INSERT INTO pokeHaveHM VALUES ('HM01', '002', 'Cut');
INSERT INTO pokeHaveHM VALUES ('HM01', '003', 'Cut');
INSERT INTO pokeHaveHM VALUES ('HM01', '004', 'Cut');
INSERT INTO pokeHaveHM VALUES ('HM01', '005', 'Cut');
INSERT INTO pokeHaveHM VALUES ('HM01', '006', 'Cut');
INSERT INTO pokeHaveHM VALUES ('HM01', '015', 'Cut');
INSERT INTO pokeHaveHM VALUES ('HM01', '027', 'Cut');
INSERT INTO pokeHaveHM VALUES ('HM01', '028', 'Cut');
INSERT INTO pokeHaveHM VALUES ('HM01', '043', 'Cut');
INSERT INTO pokeHaveHM VALUES ('HM01', '044', 'Cut');
INSERT INTO pokeHaveHM VALUES ('HM01', '045', 'Cut');
INSERT INTO pokeHaveHM VALUES ('HM01', '046', 'Cut');
INSERT INTO pokeHaveHM VALUES ('HM01', '047', 'Cut');
INSERT INTO pokeHaveHM VALUES ('HM01', '069', 'Cut');
INSERT INTO pokeHaveHM VALUES ('HM01', '070', 'Cut');
INSERT INTO pokeHaveHM VALUES ('HM01', '071', 'Cut');
INSERT INTO pokeHaveHM VALUES ('HM01', '072', 'Cut');
INSERT INTO pokeHaveHM VALUES ('HM01', '073', 'Cut');
INSERT INTO pokeHaveHM VALUES ('HM01', '083', 'Cut');
INSERT INTO pokeHaveHM VALUES ('HM01', '098', 'Cut');
INSERT INTO pokeHaveHM VALUES ('HM01', '099', 'Cut');
INSERT INTO pokeHaveHM VALUES ('HM01', '108', 'Cut');
INSERT INTO pokeHaveHM VALUES ('HM01', '114', 'Cut');
INSERT INTO pokeHaveHM VALUES ('HM01', '123', 'Cut');
INSERT INTO pokeHaveHM VALUES ('HM01', '127', 'Cut');
INSERT INTO pokeHaveHM VALUES ('HM01', '151', 'Cut');
INSERT INTO pokeHaveHM VALUES ('HM02', '016', 'Fly');
INSERT INTO pokeHaveHM VALUES ('HM02', '017', 'Fly');
INSERT INTO pokeHaveHM VALUES ('HM02', '018', 'Fly');
INSERT INTO pokeHaveHM VALUES ('HM02', '021', 'Fly');
INSERT INTO pokeHaveHM VALUES ('HM02', '022', 'Fly');
INSERT INTO pokeHaveHM VALUES ('HM02', '083', 'Fly');
INSERT INTO pokeHaveHM VALUES ('HM02', '084', 'Fly');
INSERT INTO pokeHaveHM VALUES ('HM02', '085', 'Fly');
INSERT INTO pokeHaveHM VALUES ('HM02', '142', 'Fly');
INSERT INTO pokeHaveHM VALUES ('HM02', '144', 'Fly');
INSERT INTO pokeHaveHM VALUES ('HM02', '145', 'Fly');
INSERT INTO pokeHaveHM VALUES ('HM02', '146', 'Fly');
INSERT INTO pokeHaveHM VALUES ('HM02', '151', 'Fly');
INSERT INTO PokeHaveHM VALUES ('HM03', '007', 'Surf');
INSERT INTO PokeHaveHM VALUES ('HM03', '008', 'Surf');
INSERT INTO PokeHaveHM VALUES ('HM03', '009', 'Surf');
INSERT INTO PokeHaveHM VALUES ('HM03', '031', 'Surf');
INSERT INTO PokeHaveHM VALUES ('HM03', '034', 'Surf');
INSERT INTO PokeHaveHM VALUES ('HM03', '054', 'Surf');
INSERT INTO PokeHaveHM VALUES ('HM03', '055', 'Surf');
INSERT INTO PokeHaveHM VALUES ('HM03', '060', 'Surf');
INSERT INTO PokeHaveHM VALUES ('HM03', '061', 'Surf');
INSERT INTO PokeHaveHM VALUES ('HM03', '062', 'Surf');
INSERT INTO PokeHaveHM VALUES ('HM03', '072', 'Surf');
INSERT INTO PokeHaveHM VALUES ('HM03', '073', 'Surf');
INSERT INTO PokeHaveHM VALUES ('HM03', '079', 'Surf');
INSERT INTO PokeHaveHM VALUES ('HM03', '080', 'Surf');
INSERT INTO PokeHaveHM VALUES ('HM03', '086', 'Surf');
INSERT INTO PokeHaveHM VALUES ('HM03', '087', 'Surf');
INSERT INTO PokeHaveHM VALUES ('HM03', '090', 'Surf');
INSERT INTO PokeHaveHM VALUES ('HM03', '091', 'Surf');
INSERT INTO PokeHaveHM VALUES ('HM03', '098', 'Surf');
INSERT INTO PokeHaveHM VALUES ('HM03', '099', 'Surf');
INSERT INTO PokeHaveHM VALUES ('HM03', '108', 'Surf');
INSERT INTO PokeHaveHM VALUES ('HM03', '112', 'Surf');
INSERT INTO PokeHaveHM VALUES ('HM03', '115', 'Surf');
INSERT INTO PokeHaveHM VALUES ('HM03', '116', 'Surf');
INSERT INTO PokeHaveHM VALUES ('HM03', '117', 'Surf');
INSERT INTO PokeHaveHM VALUES ('HM03', '118', 'Surf');
INSERT INTO PokeHaveHM VALUES ('HM03', '119', 'Surf');
INSERT INTO PokeHaveHM VALUES ('HM03', '120', 'Surf');
INSERT INTO PokeHaveHM VALUES ('HM03', '121', 'Surf');
INSERT INTO PokeHaveHM VALUES ('HM03', '130', 'Surf');
INSERT INTO PokeHaveHM VALUES ('HM03', '131', 'Surf');
INSERT INTO PokeHaveHM VALUES ('HM03', '134', 'Surf');
INSERT INTO PokeHaveHM VALUES ('HM03', '138', 'Surf');
INSERT INTO PokeHaveHM VALUES ('HM03', '139', 'Surf');
INSERT INTO PokeHaveHM VALUES ('HM03', '140', 'Surf');
INSERT INTO PokeHaveHM VALUES ('HM03', '141', 'Surf');
INSERT INTO PokeHaveHM VALUES ('HM03', '143', 'Surf');
INSERT INTO PokeHaveHM VALUES ('HM03', '147', 'Surf');
INSERT INTO PokeHaveHM VALUES ('HM03', '148', 'Surf');
INSERT INTO PokeHaveHM VALUES ('HM03', '149', 'Surf');
INSERT INTO PokeHaveHM VALUES ('HM03', '151', 'Surf');
INSERT INTO PokeHaveHM VALUES ('HM04', '004', 'Strength');
INSERT INTO PokeHaveHM VALUES ('HM04', '005', 'Strength');
INSERT INTO PokeHaveHM VALUES ('HM04', '006', 'Strength');
INSERT INTO PokeHaveHM VALUES ('HM04', '007', 'Strength');
INSERT INTO PokeHaveHM VALUES ('HM04', '008', 'Strength');
INSERT INTO PokeHaveHM VALUES ('HM04', '009', 'Strength');
INSERT INTO PokeHaveHM VALUES ('HM04', '023', 'Strength');
INSERT INTO PokeHaveHM VALUES ('HM04', '024', 'Strength');
INSERT INTO PokeHaveHM VALUES ('HM04', '027', 'Strength');
INSERT INTO PokeHaveHM VALUES ('HM04', '028', 'Strength');
INSERT INTO PokeHaveHM VALUES ('HM04', '031', 'Strength');
INSERT INTO PokeHaveHM VALUES ('HM04', '034', 'Strength');
INSERT INTO PokeHaveHM VALUES ('HM04', '035', 'Strength');
INSERT INTO PokeHaveHM VALUES ('HM04', '036', 'Strength');
INSERT INTO PokeHaveHM VALUES ('HM04', '039', 'Strength');
INSERT INTO PokeHaveHM VALUES ('HM04', '040', 'Strength');
INSERT INTO PokeHaveHM VALUES ('HM04', '054', 'Strength');
INSERT INTO PokeHaveHM VALUES ('HM04', '055', 'Strength');
INSERT INTO PokeHaveHM VALUES ('HM04', '056', 'Strength');
INSERT INTO PokeHaveHM VALUES ('HM04', '057', 'Strength');
INSERT INTO PokeHaveHM VALUES ('HM04', '061', 'Strength');
INSERT INTO PokeHaveHM VALUES ('HM04', '062', 'Strength');
INSERT INTO PokeHaveHM VALUES ('HM04', '066', 'Strength');
INSERT INTO PokeHaveHM VALUES ('HM04', '067', 'Strength');
INSERT INTO PokeHaveHM VALUES ('HM04', '068', 'Strength');
INSERT INTO PokeHaveHM VALUES ('HM04', '074', 'Strength');
INSERT INTO PokeHaveHM VALUES ('HM04', '075', 'Strength');
INSERT INTO PokeHaveHM VALUES ('HM04', '076', 'Strength');
INSERT INTO PokeHaveHM VALUES ('HM04', '079', 'Strength');
INSERT INTO PokeHaveHM VALUES ('HM04', '080', 'Strength');
INSERT INTO PokeHaveHM VALUES ('HM04', '086', 'Strength');
INSERT INTO PokeHaveHM VALUES ('HM04', '087', 'Strength');
INSERT INTO PokeHaveHM VALUES ('HM04', '094', 'Strength');
INSERT INTO PokeHaveHM VALUES ('HM04', '095', 'Strength');
INSERT INTO PokeHaveHM VALUES ('HM04', '098', 'Strength');
INSERT INTO PokeHaveHM VALUES ('HM04', '099', 'Strength');
INSERT INTO PokeHaveHM VALUES ('HM04', '103', 'Strength');
INSERT INTO PokeHaveHM VALUES ('HM04', '104', 'Strength');
INSERT INTO PokeHaveHM VALUES ('HM04', '105', 'Strength');
INSERT INTO PokeHaveHM VALUES ('HM04', '106', 'Strength');
INSERT INTO PokeHaveHM VALUES ('HM04', '107', 'Strength');
INSERT INTO PokeHaveHM VALUES ('HM04', '108', 'Strength');
INSERT INTO PokeHaveHM VALUES ('HM04', '111', 'Strength');
INSERT INTO PokeHaveHM VALUES ('HM04', '112', 'Strength');
INSERT INTO PokeHaveHM VALUES ('HM04', '113', 'Strength');
INSERT INTO PokeHaveHM VALUES ('HM04', '115', 'Strength');
INSERT INTO PokeHaveHM VALUES ('HM04', '125', 'Strength');
INSERT INTO PokeHaveHM VALUES ('HM04', '126', 'Strength');
INSERT INTO PokeHaveHM VALUES ('HM04', '127', 'Strength');
INSERT INTO PokeHaveHM VALUES ('HM04', '128', 'Strength');
INSERT INTO PokeHaveHM VALUES ('HM04', '130', 'Strength');
INSERT INTO PokeHaveHM VALUES ('HM04', '131', 'Strength');
INSERT INTO PokeHaveHM VALUES ('HM04', '143', 'Strength');
INSERT INTO PokeHaveHM VALUES ('HM04', '149', 'Strength');
INSERT INTO PokeHaveHM VALUES ('HM04', '150', 'Strength');
INSERT INTO PokeHaveHM VALUES ('HM04', '151', 'Strength');
INSERT INTO PokeHaveHM VALUES ('HM05', '025', 'Flash');
INSERT INTO PokeHaveHM VALUES ('HM05', '026', 'Flash');
INSERT INTO PokeHaveHM VALUES ('HM05', '035', 'Flash');
INSERT INTO PokeHaveHM VALUES ('HM05', '036', 'Flash');
INSERT INTO PokeHaveHM VALUES ('HM05', '039', 'Flash');
INSERT INTO PokeHaveHM VALUES ('HM05', '040', 'Flash');
INSERT INTO PokeHaveHM VALUES ('HM05', '063', 'Flash');
INSERT INTO PokeHaveHM VALUES ('HM05', '064', 'Flash');
INSERT INTO PokeHaveHM VALUES ('HM05', '065', 'Flash');
INSERT INTO PokeHaveHM VALUES ('HM05', '079', 'Flash');
INSERT INTO PokeHaveHM VALUES ('HM05', '080', 'Flash');
INSERT INTO PokeHaveHM VALUES ('HM05', '081', 'Flash');
INSERT INTO PokeHaveHM VALUES ('HM05', '082', 'Flash');
INSERT INTO PokeHaveHM VALUES ('HM05', '096', 'Flash');
INSERT INTO PokeHaveHM VALUES ('HM05', '097', 'Flash');
INSERT INTO PokeHaveHM VALUES ('HM05', '100', 'Flash');
INSERT INTO PokeHaveHM VALUES ('HM05', '101', 'Flash');
INSERT INTO PokeHaveHM VALUES ('HM05', '113', 'Flash');
INSERT INTO PokeHaveHM VALUES ('HM05', '120', 'Flash');
INSERT INTO PokeHaveHM VALUES ('HM05', '121', 'Flash');
INSERT INTO PokeHaveHM VALUES ('HM05', '122', 'Flash');
INSERT INTO PokeHaveHM VALUES ('HM05', '125', 'Flash');
INSERT INTO PokeHaveHM VALUES ('HM05', '135', 'Flash');
INSERT INTO PokeHaveHM VALUES ('HM05', '137', 'Flash');
INSERT INTO PokeHaveHM VALUES ('HM05', '145', 'Flash');
INSERT INTO PokeHaveHM VALUES ('HM05', '150', 'Flash');
INSERT INTO PokeHaveHM VALUES ('HM05', '151', 'Flash');

insert into KAMRADJA.POKEHAVETYPE (POKEID, TYPENAME) values ('010', 'Bug');
insert into KAMRADJA.POKEHAVETYPE (POKEID, TYPENAME) values ('011', 'Bug');
insert into KAMRADJA.POKEHAVETYPE (POKEID, TYPENAME) values ('012', 'Bug');
insert into KAMRADJA.POKEHAVETYPE (POKEID, TYPENAME) values ('013', 'Bug');
insert into KAMRADJA.POKEHAVETYPE (POKEID, TYPENAME) values ('014', 'Bug');
insert into KAMRADJA.POKEHAVETYPE (POKEID, TYPENAME) values ('015', 'Bug');
insert into KAMRADJA.POKEHAVETYPE (POKEID, TYPENAME) values ('046', 'Bug');
insert into KAMRADJA.POKEHAVETYPE (POKEID, TYPENAME) values ('047', 'Bug');
insert into KAMRADJA.POKEHAVETYPE (POKEID, TYPENAME) values ('048', 'Bug');
insert into KAMRADJA.POKEHAVETYPE (POKEID, TYPENAME) values ('049', 'Bug');
insert into KAMRADJA.POKEHAVETYPE (POKEID, TYPENAME) values ('123', 'Bug');
insert into KAMRADJA.POKEHAVETYPE (POKEID, TYPENAME) values ('127', 'Bug');
insert into KAMRADJA.POKEHAVETYPE (POKEID, TYPENAME) values ('165', 'Bug');
insert into KAMRADJA.POKEHAVETYPE (POKEID, TYPENAME) values ('166', 'Bug');
insert into KAMRADJA.POKEHAVETYPE (POKEID, TYPENAME) values ('167', 'Bug');
insert into KAMRADJA.POKEHAVETYPE (POKEID, TYPENAME) values ('168', 'Bug');
insert into KAMRADJA.POKEHAVETYPE (POKEID, TYPENAME) values ('193', 'Bug');
insert into KAMRADJA.POKEHAVETYPE (POKEID, TYPENAME) values ('204', 'Bug');
insert into KAMRADJA.POKEHAVETYPE (POKEID, TYPENAME) values ('205', 'Bug');
insert into KAMRADJA.POKEHAVETYPE (POKEID, TYPENAME) values ('212', 'Bug');
insert into KAMRADJA.POKEHAVETYPE (POKEID, TYPENAME) values ('213', 'Bug');
insert into KAMRADJA.POKEHAVETYPE (POKEID, TYPENAME) values ('214', 'Bug');
insert into KAMRADJA.POKEHAVETYPE (POKEID, TYPENAME) values ('197', 'Dark');
insert into KAMRADJA.POKEHAVETYPE (POKEID, TYPENAME) values ('198', 'Dark');
insert into KAMRADJA.POKEHAVETYPE (POKEID, TYPENAME) values ('215', 'Dark');
insert into KAMRADJA.POKEHAVETYPE (POKEID, TYPENAME) values ('228', 'Dark');
insert into KAMRADJA.POKEHAVETYPE (POKEID, TYPENAME) values ('229', 'Dark');
insert into KAMRADJA.POKEHAVETYPE (POKEID, TYPENAME) values ('248', 'Dark');
insert into KAMRADJA.POKEHAVETYPE (POKEID, TYPENAME) values ('147', 'Dragon');
insert into KAMRADJA.POKEHAVETYPE (POKEID, TYPENAME) values ('148', 'Dragon');
insert into KAMRADJA.POKEHAVETYPE (POKEID, TYPENAME) values ('149', 'Dragon');
insert into KAMRADJA.POKEHAVETYPE (POKEID, TYPENAME) values ('181', 'Dragon');
insert into KAMRADJA.POKEHAVETYPE (POKEID, TYPENAME) values ('230', 'Dragon');
insert into KAMRADJA.POKEHAVETYPE (POKEID, TYPENAME) values ('025', 'Electric');
insert into KAMRADJA.POKEHAVETYPE (POKEID, TYPENAME) values ('026', 'Electric');
insert into KAMRADJA.POKEHAVETYPE (POKEID, TYPENAME) values ('081', 'Electric');
insert into KAMRADJA.POKEHAVETYPE (POKEID, TYPENAME) values ('082', 'Electric');
insert into KAMRADJA.POKEHAVETYPE (POKEID, TYPENAME) values ('100', 'Electric');
insert into KAMRADJA.POKEHAVETYPE (POKEID, TYPENAME) values ('101', 'Electric');
insert into KAMRADJA.POKEHAVETYPE (POKEID, TYPENAME) values ('125', 'Electric');
insert into KAMRADJA.POKEHAVETYPE (POKEID, TYPENAME) values ('135', 'Electric');
insert into KAMRADJA.POKEHAVETYPE (POKEID, TYPENAME) values ('145', 'Electric');
insert into KAMRADJA.POKEHAVETYPE (POKEID, TYPENAME) values ('170', 'Electric');
insert into KAMRADJA.POKEHAVETYPE (POKEID, TYPENAME) values ('171', 'Electric');
insert into KAMRADJA.POKEHAVETYPE (POKEID, TYPENAME) values ('172', 'Electric');
insert into KAMRADJA.POKEHAVETYPE (POKEID, TYPENAME) values ('179', 'Electric');
insert into KAMRADJA.POKEHAVETYPE (POKEID, TYPENAME) values ('180', 'Electric');
insert into KAMRADJA.POKEHAVETYPE (POKEID, TYPENAME) values ('181', 'Electric');
insert into KAMRADJA.POKEHAVETYPE (POKEID, TYPENAME) values ('239', 'Electric');
insert into KAMRADJA.POKEHAVETYPE (POKEID, TYPENAME) values ('243', 'Electric');
insert into KAMRADJA.POKEHAVETYPE (POKEID, TYPENAME) values ('056', 'Fighting');
insert into KAMRADJA.POKEHAVETYPE (POKEID, TYPENAME) values ('057', 'Fighting');
insert into KAMRADJA.POKEHAVETYPE (POKEID, TYPENAME) values ('062', 'Fighting');
insert into KAMRADJA.POKEHAVETYPE (POKEID, TYPENAME) values ('066', 'Fighting');
insert into KAMRADJA.POKEHAVETYPE (POKEID, TYPENAME) values ('067', 'Fighting');
insert into KAMRADJA.POKEHAVETYPE (POKEID, TYPENAME) values ('068', 'Fighting');
insert into KAMRADJA.POKEHAVETYPE (POKEID, TYPENAME) values ('106', 'Fighting');
insert into KAMRADJA.POKEHAVETYPE (POKEID, TYPENAME) values ('107', 'Fighting');
insert into KAMRADJA.POKEHAVETYPE (POKEID, TYPENAME) values ('214', 'Fighting');
insert into KAMRADJA.POKEHAVETYPE (POKEID, TYPENAME) values ('236', 'Fighting');
insert into KAMRADJA.POKEHAVETYPE (POKEID, TYPENAME) values ('237', 'Fighting');
insert into KAMRADJA.POKEHAVETYPE (POKEID, TYPENAME) values ('004', 'Fire');
insert into KAMRADJA.POKEHAVETYPE (POKEID, TYPENAME) values ('005', 'Fire');
insert into KAMRADJA.POKEHAVETYPE (POKEID, TYPENAME) values ('006', 'Fire');
insert into KAMRADJA.POKEHAVETYPE (POKEID, TYPENAME) values ('037', 'Fire');
insert into KAMRADJA.POKEHAVETYPE (POKEID, TYPENAME) values ('038', 'Fire');
insert into KAMRADJA.POKEHAVETYPE (POKEID, TYPENAME) values ('058', 'Fire');
insert into KAMRADJA.POKEHAVETYPE (POKEID, TYPENAME) values ('059', 'Fire');
insert into KAMRADJA.POKEHAVETYPE (POKEID, TYPENAME) values ('077', 'Fire');
insert into KAMRADJA.POKEHAVETYPE (POKEID, TYPENAME) values ('078', 'Fire');
insert into KAMRADJA.POKEHAVETYPE (POKEID, TYPENAME) values ('126', 'Fire');
insert into KAMRADJA.POKEHAVETYPE (POKEID, TYPENAME) values ('136', 'Fire');
insert into KAMRADJA.POKEHAVETYPE (POKEID, TYPENAME) values ('146', 'Fire');
insert into KAMRADJA.POKEHAVETYPE (POKEID, TYPENAME) values ('155', 'Fire');
insert into KAMRADJA.POKEHAVETYPE (POKEID, TYPENAME) values ('156', 'Fire');
insert into KAMRADJA.POKEHAVETYPE (POKEID, TYPENAME) values ('157', 'Fire');
insert into KAMRADJA.POKEHAVETYPE (POKEID, TYPENAME) values ('218', 'Fire');
insert into KAMRADJA.POKEHAVETYPE (POKEID, TYPENAME) values ('219', 'Fire');
insert into KAMRADJA.POKEHAVETYPE (POKEID, TYPENAME) values ('228', 'Fire');
insert into KAMRADJA.POKEHAVETYPE (POKEID, TYPENAME) values ('229', 'Fire');
insert into KAMRADJA.POKEHAVETYPE (POKEID, TYPENAME) values ('240', 'Fire');
insert into KAMRADJA.POKEHAVETYPE (POKEID, TYPENAME) values ('244', 'Fire');
insert into KAMRADJA.POKEHAVETYPE (POKEID, TYPENAME) values ('250', 'Fire');
insert into KAMRADJA.POKEHAVETYPE (POKEID, TYPENAME) values ('006', 'Flying');
insert into KAMRADJA.POKEHAVETYPE (POKEID, TYPENAME) values ('012', 'Flying');
insert into KAMRADJA.POKEHAVETYPE (POKEID, TYPENAME) values ('016', 'Flying');
insert into KAMRADJA.POKEHAVETYPE (POKEID, TYPENAME) values ('017', 'Flying');
insert into KAMRADJA.POKEHAVETYPE (POKEID, TYPENAME) values ('018', 'Flying');
insert into KAMRADJA.POKEHAVETYPE (POKEID, TYPENAME) values ('021', 'Flying');
insert into KAMRADJA.POKEHAVETYPE (POKEID, TYPENAME) values ('022', 'Flying');
insert into KAMRADJA.POKEHAVETYPE (POKEID, TYPENAME) values ('041', 'Flying');
insert into KAMRADJA.POKEHAVETYPE (POKEID, TYPENAME) values ('042', 'Flying');
insert into KAMRADJA.POKEHAVETYPE (POKEID, TYPENAME) values ('083', 'Flying');
insert into KAMRADJA.POKEHAVETYPE (POKEID, TYPENAME) values ('084', 'Flying');
insert into KAMRADJA.POKEHAVETYPE (POKEID, TYPENAME) values ('085', 'Flying');
insert into KAMRADJA.POKEHAVETYPE (POKEID, TYPENAME) values ('123', 'Flying');
insert into KAMRADJA.POKEHAVETYPE (POKEID, TYPENAME) values ('130', 'Flying');
insert into KAMRADJA.POKEHAVETYPE (POKEID, TYPENAME) values ('142', 'Flying');
insert into KAMRADJA.POKEHAVETYPE (POKEID, TYPENAME) values ('144', 'Flying');
insert into KAMRADJA.POKEHAVETYPE (POKEID, TYPENAME) values ('145', 'Flying');
insert into KAMRADJA.POKEHAVETYPE (POKEID, TYPENAME) values ('146', 'Flying');
insert into KAMRADJA.POKEHAVETYPE (POKEID, TYPENAME) values ('149', 'Flying');
insert into KAMRADJA.POKEHAVETYPE (POKEID, TYPENAME) values ('163', 'Flying');
insert into KAMRADJA.POKEHAVETYPE (POKEID, TYPENAME) values ('164', 'Flying');
insert into KAMRADJA.POKEHAVETYPE (POKEID, TYPENAME) values ('165', 'Flying');
insert into KAMRADJA.POKEHAVETYPE (POKEID, TYPENAME) values ('166', 'Flying');
insert into KAMRADJA.POKEHAVETYPE (POKEID, TYPENAME) values ('169', 'Flying');
insert into KAMRADJA.POKEHAVETYPE (POKEID, TYPENAME) values ('176', 'Flying');
insert into KAMRADJA.POKEHAVETYPE (POKEID, TYPENAME) values ('177', 'Flying');
insert into KAMRADJA.POKEHAVETYPE (POKEID, TYPENAME) values ('178', 'Flying');
insert into KAMRADJA.POKEHAVETYPE (POKEID, TYPENAME) values ('187', 'Flying');
insert into KAMRADJA.POKEHAVETYPE (POKEID, TYPENAME) values ('188', 'Flying');
insert into KAMRADJA.POKEHAVETYPE (POKEID, TYPENAME) values ('189', 'Flying');
insert into KAMRADJA.POKEHAVETYPE (POKEID, TYPENAME) values ('193', 'Flying');
insert into KAMRADJA.POKEHAVETYPE (POKEID, TYPENAME) values ('198', 'Flying');
insert into KAMRADJA.POKEHAVETYPE (POKEID, TYPENAME) values ('207', 'Flying');
insert into KAMRADJA.POKEHAVETYPE (POKEID, TYPENAME) values ('225', 'Flying');
insert into KAMRADJA.POKEHAVETYPE (POKEID, TYPENAME) values ('226', 'Flying');
insert into KAMRADJA.POKEHAVETYPE (POKEID, TYPENAME) values ('227', 'Flying');
insert into KAMRADJA.POKEHAVETYPE (POKEID, TYPENAME) values ('249', 'Flying');
insert into KAMRADJA.POKEHAVETYPE (POKEID, TYPENAME) values ('250', 'Flying');
insert into KAMRADJA.POKEHAVETYPE (POKEID, TYPENAME) values ('092', 'Ghost');
insert into KAMRADJA.POKEHAVETYPE (POKEID, TYPENAME) values ('093', 'Ghost');
insert into KAMRADJA.POKEHAVETYPE (POKEID, TYPENAME) values ('094', 'Ghost');
insert into KAMRADJA.POKEHAVETYPE (POKEID, TYPENAME) values ('200', 'Ghost');
insert into KAMRADJA.POKEHAVETYPE (POKEID, TYPENAME) values ('001', 'Grass');
insert into KAMRADJA.POKEHAVETYPE (POKEID, TYPENAME) values ('002', 'Grass');
insert into KAMRADJA.POKEHAVETYPE (POKEID, TYPENAME) values ('003', 'Grass');
insert into KAMRADJA.POKEHAVETYPE (POKEID, TYPENAME) values ('043', 'Grass');
insert into KAMRADJA.POKEHAVETYPE (POKEID, TYPENAME) values ('044', 'Grass');
insert into KAMRADJA.POKEHAVETYPE (POKEID, TYPENAME) values ('045', 'Grass');
insert into KAMRADJA.POKEHAVETYPE (POKEID, TYPENAME) values ('046', 'Grass');
insert into KAMRADJA.POKEHAVETYPE (POKEID, TYPENAME) values ('047', 'Grass');
insert into KAMRADJA.POKEHAVETYPE (POKEID, TYPENAME) values ('069', 'Grass');
insert into KAMRADJA.POKEHAVETYPE (POKEID, TYPENAME) values ('070', 'Grass');
insert into KAMRADJA.POKEHAVETYPE (POKEID, TYPENAME) values ('071', 'Grass');
insert into KAMRADJA.POKEHAVETYPE (POKEID, TYPENAME) values ('102', 'Grass');
insert into KAMRADJA.POKEHAVETYPE (POKEID, TYPENAME) values ('103', 'Grass');
insert into KAMRADJA.POKEHAVETYPE (POKEID, TYPENAME) values ('114', 'Grass');
insert into KAMRADJA.POKEHAVETYPE (POKEID, TYPENAME) values ('152', 'Grass');
insert into KAMRADJA.POKEHAVETYPE (POKEID, TYPENAME) values ('153', 'Grass');
insert into KAMRADJA.POKEHAVETYPE (POKEID, TYPENAME) values ('154', 'Grass');
insert into KAMRADJA.POKEHAVETYPE (POKEID, TYPENAME) values ('182', 'Grass');
insert into KAMRADJA.POKEHAVETYPE (POKEID, TYPENAME) values ('187', 'Grass');
insert into KAMRADJA.POKEHAVETYPE (POKEID, TYPENAME) values ('188', 'Grass');
insert into KAMRADJA.POKEHAVETYPE (POKEID, TYPENAME) values ('189', 'Grass');
insert into KAMRADJA.POKEHAVETYPE (POKEID, TYPENAME) values ('191', 'Grass');
insert into KAMRADJA.POKEHAVETYPE (POKEID, TYPENAME) values ('192', 'Grass');
insert into KAMRADJA.POKEHAVETYPE (POKEID, TYPENAME) values ('251', 'Grass');
insert into KAMRADJA.POKEHAVETYPE (POKEID, TYPENAME) values ('027', 'Ground');
insert into KAMRADJA.POKEHAVETYPE (POKEID, TYPENAME) values ('028', 'Ground');
insert into KAMRADJA.POKEHAVETYPE (POKEID, TYPENAME) values ('031', 'Ground');
insert into KAMRADJA.POKEHAVETYPE (POKEID, TYPENAME) values ('034', 'Ground');
insert into KAMRADJA.POKEHAVETYPE (POKEID, TYPENAME) values ('050', 'Ground');
insert into KAMRADJA.POKEHAVETYPE (POKEID, TYPENAME) values ('051', 'Ground');
insert into KAMRADJA.POKEHAVETYPE (POKEID, TYPENAME) values ('074', 'Ground');
insert into KAMRADJA.POKEHAVETYPE (POKEID, TYPENAME) values ('075', 'Ground');
insert into KAMRADJA.POKEHAVETYPE (POKEID, TYPENAME) values ('076', 'Ground');
insert into KAMRADJA.POKEHAVETYPE (POKEID, TYPENAME) values ('095', 'Ground');
insert into KAMRADJA.POKEHAVETYPE (POKEID, TYPENAME) values ('104', 'Ground');
insert into KAMRADJA.POKEHAVETYPE (POKEID, TYPENAME) values ('105', 'Ground');
insert into KAMRADJA.POKEHAVETYPE (POKEID, TYPENAME) values ('111', 'Ground');
insert into KAMRADJA.POKEHAVETYPE (POKEID, TYPENAME) values ('112', 'Ground');
insert into KAMRADJA.POKEHAVETYPE (POKEID, TYPENAME) values ('194', 'Ground');
insert into KAMRADJA.POKEHAVETYPE (POKEID, TYPENAME) values ('195', 'Ground');
insert into KAMRADJA.POKEHAVETYPE (POKEID, TYPENAME) values ('207', 'Ground');
insert into KAMRADJA.POKEHAVETYPE (POKEID, TYPENAME) values ('208', 'Ground');
insert into KAMRADJA.POKEHAVETYPE (POKEID, TYPENAME) values ('220', 'Ground');
insert into KAMRADJA.POKEHAVETYPE (POKEID, TYPENAME) values ('221', 'Ground');
insert into KAMRADJA.POKEHAVETYPE (POKEID, TYPENAME) values ('231', 'Ground');
insert into KAMRADJA.POKEHAVETYPE (POKEID, TYPENAME) values ('232', 'Ground');
insert into KAMRADJA.POKEHAVETYPE (POKEID, TYPENAME) values ('246', 'Ground');
insert into KAMRADJA.POKEHAVETYPE (POKEID, TYPENAME) values ('247', 'Ground');
insert into KAMRADJA.POKEHAVETYPE (POKEID, TYPENAME) values ('087', 'Ice');
insert into KAMRADJA.POKEHAVETYPE (POKEID, TYPENAME) values ('091', 'Ice');
insert into KAMRADJA.POKEHAVETYPE (POKEID, TYPENAME) values ('124', 'Ice');
insert into KAMRADJA.POKEHAVETYPE (POKEID, TYPENAME) values ('131', 'Ice');
insert into KAMRADJA.POKEHAVETYPE (POKEID, TYPENAME) values ('144', 'Ice');
insert into KAMRADJA.POKEHAVETYPE (POKEID, TYPENAME) values ('215', 'Ice');
insert into KAMRADJA.POKEHAVETYPE (POKEID, TYPENAME) values ('220', 'Ice');
insert into KAMRADJA.POKEHAVETYPE (POKEID, TYPENAME) values ('221', 'Ice');
insert into KAMRADJA.POKEHAVETYPE (POKEID, TYPENAME) values ('225', 'Ice');
insert into KAMRADJA.POKEHAVETYPE (POKEID, TYPENAME) values ('238', 'Ice');
insert into KAMRADJA.POKEHAVETYPE (POKEID, TYPENAME) values ('016', 'Normal');
insert into KAMRADJA.POKEHAVETYPE (POKEID, TYPENAME) values ('017', 'Normal');
insert into KAMRADJA.POKEHAVETYPE (POKEID, TYPENAME) values ('018', 'Normal');
insert into KAMRADJA.POKEHAVETYPE (POKEID, TYPENAME) values ('019', 'Normal');
insert into KAMRADJA.POKEHAVETYPE (POKEID, TYPENAME) values ('020', 'Normal');
insert into KAMRADJA.POKEHAVETYPE (POKEID, TYPENAME) values ('021', 'Normal');
insert into KAMRADJA.POKEHAVETYPE (POKEID, TYPENAME) values ('022', 'Normal');
insert into KAMRADJA.POKEHAVETYPE (POKEID, TYPENAME) values ('039', 'Normal');
insert into KAMRADJA.POKEHAVETYPE (POKEID, TYPENAME) values ('040', 'Normal');
insert into KAMRADJA.POKEHAVETYPE (POKEID, TYPENAME) values ('052', 'Normal');
insert into KAMRADJA.POKEHAVETYPE (POKEID, TYPENAME) values ('053', 'Normal');
insert into KAMRADJA.POKEHAVETYPE (POKEID, TYPENAME) values ('083', 'Normal');
insert into KAMRADJA.POKEHAVETYPE (POKEID, TYPENAME) values ('084', 'Normal');
insert into KAMRADJA.POKEHAVETYPE (POKEID, TYPENAME) values ('085', 'Normal');
insert into KAMRADJA.POKEHAVETYPE (POKEID, TYPENAME) values ('108', 'Normal');
insert into KAMRADJA.POKEHAVETYPE (POKEID, TYPENAME) values ('113', 'Normal');
insert into KAMRADJA.POKEHAVETYPE (POKEID, TYPENAME) values ('115', 'Normal');
insert into KAMRADJA.POKEHAVETYPE (POKEID, TYPENAME) values ('128', 'Normal');
insert into KAMRADJA.POKEHAVETYPE (POKEID, TYPENAME) values ('132', 'Normal');
insert into KAMRADJA.POKEHAVETYPE (POKEID, TYPENAME) values ('133', 'Normal');
insert into KAMRADJA.POKEHAVETYPE (POKEID, TYPENAME) values ('137', 'Normal');
insert into KAMRADJA.POKEHAVETYPE (POKEID, TYPENAME) values ('143', 'Normal');
insert into KAMRADJA.POKEHAVETYPE (POKEID, TYPENAME) values ('161', 'Normal');
insert into KAMRADJA.POKEHAVETYPE (POKEID, TYPENAME) values ('162', 'Normal');
insert into KAMRADJA.POKEHAVETYPE (POKEID, TYPENAME) values ('163', 'Normal');
insert into KAMRADJA.POKEHAVETYPE (POKEID, TYPENAME) values ('164', 'Normal');
insert into KAMRADJA.POKEHAVETYPE (POKEID, TYPENAME) values ('174', 'Normal');
insert into KAMRADJA.POKEHAVETYPE (POKEID, TYPENAME) values ('190', 'Normal');
insert into KAMRADJA.POKEHAVETYPE (POKEID, TYPENAME) values ('203', 'Normal');
insert into KAMRADJA.POKEHAVETYPE (POKEID, TYPENAME) values ('206', 'Normal');
insert into KAMRADJA.POKEHAVETYPE (POKEID, TYPENAME) values ('216', 'Normal');
insert into KAMRADJA.POKEHAVETYPE (POKEID, TYPENAME) values ('217', 'Normal');
insert into KAMRADJA.POKEHAVETYPE (POKEID, TYPENAME) values ('233', 'Normal');
insert into KAMRADJA.POKEHAVETYPE (POKEID, TYPENAME) values ('234', 'Normal');
insert into KAMRADJA.POKEHAVETYPE (POKEID, TYPENAME) values ('235', 'Normal');
insert into KAMRADJA.POKEHAVETYPE (POKEID, TYPENAME) values ('241', 'Normal');
insert into KAMRADJA.POKEHAVETYPE (POKEID, TYPENAME) values ('242', 'Normal');
insert into KAMRADJA.POKEHAVETYPE (POKEID, TYPENAME) values ('001', 'Poison');
insert into KAMRADJA.POKEHAVETYPE (POKEID, TYPENAME) values ('002', 'Poison');
insert into KAMRADJA.POKEHAVETYPE (POKEID, TYPENAME) values ('003', 'Poison');
insert into KAMRADJA.POKEHAVETYPE (POKEID, TYPENAME) values ('013', 'Poison');
insert into KAMRADJA.POKEHAVETYPE (POKEID, TYPENAME) values ('014', 'Poison');
insert into KAMRADJA.POKEHAVETYPE (POKEID, TYPENAME) values ('015', 'Poison');
insert into KAMRADJA.POKEHAVETYPE (POKEID, TYPENAME) values ('023', 'Poison');
insert into KAMRADJA.POKEHAVETYPE (POKEID, TYPENAME) values ('024', 'Poison');
insert into KAMRADJA.POKEHAVETYPE (POKEID, TYPENAME) values ('029', 'Poison');
insert into KAMRADJA.POKEHAVETYPE (POKEID, TYPENAME) values ('030', 'Poison');
insert into KAMRADJA.POKEHAVETYPE (POKEID, TYPENAME) values ('031', 'Poison');
insert into KAMRADJA.POKEHAVETYPE (POKEID, TYPENAME) values ('032', 'Poison');
insert into KAMRADJA.POKEHAVETYPE (POKEID, TYPENAME) values ('033', 'Poison');
insert into KAMRADJA.POKEHAVETYPE (POKEID, TYPENAME) values ('034', 'Poison');
insert into KAMRADJA.POKEHAVETYPE (POKEID, TYPENAME) values ('041', 'Poison');
insert into KAMRADJA.POKEHAVETYPE (POKEID, TYPENAME) values ('042', 'Poison');
insert into KAMRADJA.POKEHAVETYPE (POKEID, TYPENAME) values ('043', 'Poison');
insert into KAMRADJA.POKEHAVETYPE (POKEID, TYPENAME) values ('044', 'Poison');
insert into KAMRADJA.POKEHAVETYPE (POKEID, TYPENAME) values ('045', 'Poison');
insert into KAMRADJA.POKEHAVETYPE (POKEID, TYPENAME) values ('048', 'Poison');
insert into KAMRADJA.POKEHAVETYPE (POKEID, TYPENAME) values ('049', 'Poison');
insert into KAMRADJA.POKEHAVETYPE (POKEID, TYPENAME) values ('069', 'Poison');
insert into KAMRADJA.POKEHAVETYPE (POKEID, TYPENAME) values ('070', 'Poison');
insert into KAMRADJA.POKEHAVETYPE (POKEID, TYPENAME) values ('071', 'Poison');
insert into KAMRADJA.POKEHAVETYPE (POKEID, TYPENAME) values ('072', 'Poison');
insert into KAMRADJA.POKEHAVETYPE (POKEID, TYPENAME) values ('073', 'Poison');
insert into KAMRADJA.POKEHAVETYPE (POKEID, TYPENAME) values ('088', 'Poison');
insert into KAMRADJA.POKEHAVETYPE (POKEID, TYPENAME) values ('089', 'Poison');
insert into KAMRADJA.POKEHAVETYPE (POKEID, TYPENAME) values ('092', 'Poison');
insert into KAMRADJA.POKEHAVETYPE (POKEID, TYPENAME) values ('093', 'Poison');
insert into KAMRADJA.POKEHAVETYPE (POKEID, TYPENAME) values ('094', 'Poison');
insert into KAMRADJA.POKEHAVETYPE (POKEID, TYPENAME) values ('109', 'Poison');
insert into KAMRADJA.POKEHAVETYPE (POKEID, TYPENAME) values ('110', 'Poison');
insert into KAMRADJA.POKEHAVETYPE (POKEID, TYPENAME) values ('167', 'Poison');
insert into KAMRADJA.POKEHAVETYPE (POKEID, TYPENAME) values ('168', 'Poison');
insert into KAMRADJA.POKEHAVETYPE (POKEID, TYPENAME) values ('169', 'Poison');
insert into KAMRADJA.POKEHAVETYPE (POKEID, TYPENAME) values ('211', 'Poison');
insert into KAMRADJA.POKEHAVETYPE (POKEID, TYPENAME) values ('063', 'Psychic');
insert into KAMRADJA.POKEHAVETYPE (POKEID, TYPENAME) values ('064', 'Psychic');
insert into KAMRADJA.POKEHAVETYPE (POKEID, TYPENAME) values ('065', 'Psychic');
insert into KAMRADJA.POKEHAVETYPE (POKEID, TYPENAME) values ('079', 'Psychic');
insert into KAMRADJA.POKEHAVETYPE (POKEID, TYPENAME) values ('080', 'Psychic');
insert into KAMRADJA.POKEHAVETYPE (POKEID, TYPENAME) values ('096', 'Psychic');
insert into KAMRADJA.POKEHAVETYPE (POKEID, TYPENAME) values ('097', 'Psychic');
insert into KAMRADJA.POKEHAVETYPE (POKEID, TYPENAME) values ('102', 'Psychic');
insert into KAMRADJA.POKEHAVETYPE (POKEID, TYPENAME) values ('103', 'Psychic');
insert into KAMRADJA.POKEHAVETYPE (POKEID, TYPENAME) values ('121', 'Psychic');
insert into KAMRADJA.POKEHAVETYPE (POKEID, TYPENAME) values ('122', 'Psychic');
insert into KAMRADJA.POKEHAVETYPE (POKEID, TYPENAME) values ('124', 'Psychic');
insert into KAMRADJA.POKEHAVETYPE (POKEID, TYPENAME) values ('150', 'Psychic');
insert into KAMRADJA.POKEHAVETYPE (POKEID, TYPENAME) values ('151', 'Psychic');
insert into KAMRADJA.POKEHAVETYPE (POKEID, TYPENAME) values ('177', 'Psychic');
insert into KAMRADJA.POKEHAVETYPE (POKEID, TYPENAME) values ('178', 'Psychic');
insert into KAMRADJA.POKEHAVETYPE (POKEID, TYPENAME) values ('196', 'Psychic');
insert into KAMRADJA.POKEHAVETYPE (POKEID, TYPENAME) values ('199', 'Psychic');
insert into KAMRADJA.POKEHAVETYPE (POKEID, TYPENAME) values ('201', 'Psychic');
insert into KAMRADJA.POKEHAVETYPE (POKEID, TYPENAME) values ('202', 'Psychic');
insert into KAMRADJA.POKEHAVETYPE (POKEID, TYPENAME) values ('203', 'Psychic');
insert into KAMRADJA.POKEHAVETYPE (POKEID, TYPENAME) values ('238', 'Psychic');
insert into KAMRADJA.POKEHAVETYPE (POKEID, TYPENAME) values ('249', 'Psychic');
insert into KAMRADJA.POKEHAVETYPE (POKEID, TYPENAME) values ('251', 'Psychic');
insert into KAMRADJA.POKEHAVETYPE (POKEID, TYPENAME) values ('074', 'Rock');
insert into KAMRADJA.POKEHAVETYPE (POKEID, TYPENAME) values ('075', 'Rock');
insert into KAMRADJA.POKEHAVETYPE (POKEID, TYPENAME) values ('076', 'Rock');
insert into KAMRADJA.POKEHAVETYPE (POKEID, TYPENAME) values ('095', 'Rock');
insert into KAMRADJA.POKEHAVETYPE (POKEID, TYPENAME) values ('111', 'Rock');
insert into KAMRADJA.POKEHAVETYPE (POKEID, TYPENAME) values ('112', 'Rock');
insert into KAMRADJA.POKEHAVETYPE (POKEID, TYPENAME) values ('138', 'Rock');
insert into KAMRADJA.POKEHAVETYPE (POKEID, TYPENAME) values ('139', 'Rock');
insert into KAMRADJA.POKEHAVETYPE (POKEID, TYPENAME) values ('140', 'Rock');
insert into KAMRADJA.POKEHAVETYPE (POKEID, TYPENAME) values ('141', 'Rock');
insert into KAMRADJA.POKEHAVETYPE (POKEID, TYPENAME) values ('142', 'Rock');
insert into KAMRADJA.POKEHAVETYPE (POKEID, TYPENAME) values ('185', 'Rock');
insert into KAMRADJA.POKEHAVETYPE (POKEID, TYPENAME) values ('213', 'Rock');
insert into KAMRADJA.POKEHAVETYPE (POKEID, TYPENAME) values ('219', 'Rock');
insert into KAMRADJA.POKEHAVETYPE (POKEID, TYPENAME) values ('222', 'Rock');
insert into KAMRADJA.POKEHAVETYPE (POKEID, TYPENAME) values ('246', 'Rock');
insert into KAMRADJA.POKEHAVETYPE (POKEID, TYPENAME) values ('247', 'Rock');
insert into KAMRADJA.POKEHAVETYPE (POKEID, TYPENAME) values ('248', 'Rock');
insert into KAMRADJA.POKEHAVETYPE (POKEID, TYPENAME) values ('081', 'Steel');
insert into KAMRADJA.POKEHAVETYPE (POKEID, TYPENAME) values ('082', 'Steel');
insert into KAMRADJA.POKEHAVETYPE (POKEID, TYPENAME) values ('205', 'Steel');
insert into KAMRADJA.POKEHAVETYPE (POKEID, TYPENAME) values ('208', 'Steel');
insert into KAMRADJA.POKEHAVETYPE (POKEID, TYPENAME) values ('212', 'Steel');
insert into KAMRADJA.POKEHAVETYPE (POKEID, TYPENAME) values ('227', 'Steel');
insert into KAMRADJA.POKEHAVETYPE (POKEID, TYPENAME) values ('007', 'Water');
insert into KAMRADJA.POKEHAVETYPE (POKEID, TYPENAME) values ('008', 'Water');
insert into KAMRADJA.POKEHAVETYPE (POKEID, TYPENAME) values ('009', 'Water');
insert into KAMRADJA.POKEHAVETYPE (POKEID, TYPENAME) values ('054', 'Water');
insert into KAMRADJA.POKEHAVETYPE (POKEID, TYPENAME) values ('055', 'Water');
insert into KAMRADJA.POKEHAVETYPE (POKEID, TYPENAME) values ('060', 'Water');
insert into KAMRADJA.POKEHAVETYPE (POKEID, TYPENAME) values ('061', 'Water');
insert into KAMRADJA.POKEHAVETYPE (POKEID, TYPENAME) values ('062', 'Water');
insert into KAMRADJA.POKEHAVETYPE (POKEID, TYPENAME) values ('072', 'Water');
insert into KAMRADJA.POKEHAVETYPE (POKEID, TYPENAME) values ('073', 'Water');
insert into KAMRADJA.POKEHAVETYPE (POKEID, TYPENAME) values ('079', 'Water');
insert into KAMRADJA.POKEHAVETYPE (POKEID, TYPENAME) values ('080', 'Water');
insert into KAMRADJA.POKEHAVETYPE (POKEID, TYPENAME) values ('086', 'Water');
insert into KAMRADJA.POKEHAVETYPE (POKEID, TYPENAME) values ('087', 'Water');
insert into KAMRADJA.POKEHAVETYPE (POKEID, TYPENAME) values ('090', 'Water');
insert into KAMRADJA.POKEHAVETYPE (POKEID, TYPENAME) values ('091', 'Water');
insert into KAMRADJA.POKEHAVETYPE (POKEID, TYPENAME) values ('098', 'Water');
insert into KAMRADJA.POKEHAVETYPE (POKEID, TYPENAME) values ('099', 'Water');
insert into KAMRADJA.POKEHAVETYPE (POKEID, TYPENAME) values ('116', 'Water');
insert into KAMRADJA.POKEHAVETYPE (POKEID, TYPENAME) values ('117', 'Water');
insert into KAMRADJA.POKEHAVETYPE (POKEID, TYPENAME) values ('118', 'Water');
insert into KAMRADJA.POKEHAVETYPE (POKEID, TYPENAME) values ('119', 'Water');
insert into KAMRADJA.POKEHAVETYPE (POKEID, TYPENAME) values ('120', 'Water');
insert into KAMRADJA.POKEHAVETYPE (POKEID, TYPENAME) values ('121', 'Water');
insert into KAMRADJA.POKEHAVETYPE (POKEID, TYPENAME) values ('129', 'Water');
insert into KAMRADJA.POKEHAVETYPE (POKEID, TYPENAME) values ('130', 'Water');
insert into KAMRADJA.POKEHAVETYPE (POKEID, TYPENAME) values ('131', 'Water');
insert into KAMRADJA.POKEHAVETYPE (POKEID, TYPENAME) values ('134', 'Water');
insert into KAMRADJA.POKEHAVETYPE (POKEID, TYPENAME) values ('138', 'Water');
insert into KAMRADJA.POKEHAVETYPE (POKEID, TYPENAME) values ('139', 'Water');
insert into KAMRADJA.POKEHAVETYPE (POKEID, TYPENAME) values ('140', 'Water');
insert into KAMRADJA.POKEHAVETYPE (POKEID, TYPENAME) values ('141', 'Water');
insert into KAMRADJA.POKEHAVETYPE (POKEID, TYPENAME) values ('158', 'Water');
insert into KAMRADJA.POKEHAVETYPE (POKEID, TYPENAME) values ('159', 'Water');
insert into KAMRADJA.POKEHAVETYPE (POKEID, TYPENAME) values ('160', 'Water');
insert into KAMRADJA.POKEHAVETYPE (POKEID, TYPENAME) values ('170', 'Water');
insert into KAMRADJA.POKEHAVETYPE (POKEID, TYPENAME) values ('171', 'Water');
insert into KAMRADJA.POKEHAVETYPE (POKEID, TYPENAME) values ('183', 'Water');
insert into KAMRADJA.POKEHAVETYPE (POKEID, TYPENAME) values ('184', 'Water');
insert into KAMRADJA.POKEHAVETYPE (POKEID, TYPENAME) values ('186', 'Water');
insert into KAMRADJA.POKEHAVETYPE (POKEID, TYPENAME) values ('194', 'Water');
insert into KAMRADJA.POKEHAVETYPE (POKEID, TYPENAME) values ('195', 'Water');
insert into KAMRADJA.POKEHAVETYPE (POKEID, TYPENAME) values ('199', 'Water');
insert into KAMRADJA.POKEHAVETYPE (POKEID, TYPENAME) values ('211', 'Water');
insert into KAMRADJA.POKEHAVETYPE (POKEID, TYPENAME) values ('222', 'Water');
insert into KAMRADJA.POKEHAVETYPE (POKEID, TYPENAME) values ('223', 'Water');
insert into KAMRADJA.POKEHAVETYPE (POKEID, TYPENAME) values ('224', 'Water');
insert into KAMRADJA.POKEHAVETYPE (POKEID, TYPENAME) values ('226', 'Water');
insert into KAMRADJA.POKEHAVETYPE (POKEID, TYPENAME) values ('230', 'Water');
insert into KAMRADJA.POKEHAVETYPE (POKEID, TYPENAME) values ('245', 'Water');

